Nome Controladora;Código Operadora;Nome Operadora;Nome Garagem;Data Operação;Código Interno Linha;Nome Linha;Código Externo Linha;Num Terminal;Passageiros;Catraca Pendente;KM Percorrido;Inteiras;Valor Inteiras;Quant VT Papel;Valor VT Papel;Gratuidade;Estudantes;Valor Estudantes;VT;Valor VT;VT Integração;Valor VT Integração;Passagens;Valor Passagens;Passagens Integração;Valor Passagens Integração;Viagem Programada;Viagem Realizada;EStudantes Integração;Valor Estudantes Integração;
 ;19;EMPRESA DE ONIBUS ROSA LTDA;PORTO DA VITORIA;19/09/2025;287;CONDER / JARDIM EUROPA / JOÃO DURVAL;BRT2;0;0;0;280,499;0;0;0;0;0;0;0;0;0;0;0;0;0;0;0;0;0;0;0;
 ;19;EMPRESA DE ONIBUS ROSA LTDA;PORTO DA VITORIA;19/09/2025;287;CONDER / JARDIM EUROPA / JOÃO DURVAL;BRT2;1;2388;0;513,507;238;1309;0;0;545;419;1047,5;950;4892,5;8;0;226;1163,9;1;0;0;0;1;0;
 ;19;EMPRESA DE ONIBUS ROSA LTDA;PORTO DA VITORIA;19/09/2025;287;CONDER / JARDIM EUROPA / JOÃO DURVAL;BRT2;2;1409;0;528,632;136;748;0;0;287;271;677,5;388;1998,2;173;0;87;448,05;38;0;0;0;29;0;
 ;19;EMPRESA DE ONIBUS ROSA LTDA;PORTO DA VITORIA;19/09/2025;6;CIDADE NOVA / CIS / AV. JOAO DURVAL / BOULEVARD;002;0;0;0;31,628;0;0;0;0;0;0;0;0;0;0;0;0;0;0;0;0;0;0;0;
 ;19;EMPRESA DE ONIBUS ROSA LTDA;PORTO DA VITORIA;19/09/2025;6;CIDADE NOVA / CIS / AV. JOAO DURVAL / BOULEVARD;002;1;245;0;101,639;18;99;0;0;55;34;85;83;427,45;14;0;13;66,95;4;0;0;0;24;0;
 ;19;EMPRESA DE ONIBUS ROSA LTDA;PORTO DA VITORIA;19/09/2025;6;CIDADE NOVA / CIS / AV. JOAO DURVAL / BOULEVARD;002;2;309;0;176,558;24;132;0;0;87;31;77,5;89;458,35;38;0;24;123,6;6;0;0;0;10;0;
 ;19;EMPRESA DE ONIBUS ROSA LTDA;PORTO DA VITORIA;19/09/2025;8;UEFS DIRETA VIA TERMINAL NORTE / TERMINAL CENTRAL;003;0;0;0;45,944;0;0;0;0;0;0;0;0;0;0;0;0;0;0;0;0;0;0;0;
 ;19;EMPRESA DE ONIBUS ROSA LTDA;PORTO DA VITORIA;19/09/2025;8;UEFS DIRETA VIA TERMINAL NORTE / TERMINAL CENTRAL;003;1;903;0;188,842;73;401,5;0;0;152;370;925;248;1277,2;4;0;52;267,8;2;0;0;0;2;0;
 ;19;EMPRESA DE ONIBUS ROSA LTDA;PORTO DA VITORIA;19/09/2025;8;UEFS DIRETA VIA TERMINAL NORTE / TERMINAL CENTRAL;003;2;618;0;187,086;31;170,5;0;0;119;153;382,5;84;432,6;71;0;21;108,15;16;0;0;0;123;0;
 ;19;EMPRESA DE ONIBUS ROSA LTDA;PORTO DA VITORIA;19/09/2025;13;CIDADE NOVA / TERMINAL CENTRAL;010;0;0;0;56,074;0;0;0;0;0;0;0;0;0;0;0;0;0;0;0;0;0;0;0;
 ;19;EMPRESA DE ONIBUS ROSA LTDA;PORTO DA VITORIA;19/09/2025;13;CIDADE NOVA / TERMINAL CENTRAL;010;1;589;0;212,536;64;352;0;0;157;75;187,5;212;1091,8;9;0;61;314,15;6;0;0;0;5;0;
 ;19;EMPRESA DE ONIBUS ROSA LTDA;PORTO DA VITORIA;19/09/2025;13;CIDADE NOVA / TERMINAL CENTRAL;010;2;222;0;128,609;26;143;0;0;58;16;40;49;252,35;44;0;10;51,5;10;0;0;0;9;0;
 ;19;EMPRESA DE ONIBUS ROSA LTDA;PORTO DA VITORIA;19/09/2025;336;CIDADE NOVA-CIS VIA JOÃO DURVAL / UEFS;02A;0;0;0;5,956;0;0;0;0;0;0;0;0;0;0;0;0;0;0;0;0;0;0;0;
 ;19;EMPRESA DE ONIBUS ROSA LTDA;PORTO DA VITORIA;19/09/2025;336;CIDADE NOVA-CIS VIA JOÃO DURVAL / UEFS;02A;1;385;0;125,159;27;148,5;0;0;46;59;147,5;145;746,75;43;0;46;236,9;13;0;0;0;6;0;
 ;19;EMPRESA DE ONIBUS ROSA LTDA;PORTO DA VITORIA;19/09/2025;336;CIDADE NOVA-CIS VIA JOÃO DURVAL / UEFS;02A;2;269;0;50,742;14;77;0;0;26;59;147,5;82;422,3;29;0;39;200,85;11;0;0;0;9;0;
 ;19;EMPRESA DE ONIBUS ROSA LTDA;PORTO DA VITORIA;19/09/2025;47;SAO JOSE VIA CARRO QUEBRADO;050;0;0;0;9,927;0;0;0;0;0;0;0;0;0;0;0;0;0;0;0;0;0;0;0;
 ;19;EMPRESA DE ONIBUS ROSA LTDA;PORTO DA VITORIA;19/09/2025;47;SAO JOSE VIA CARRO QUEBRADO;050;1;165;0;49,121;16;88;0;0;12;5;12,5;103;530,45;5;0;24;123,6;0;0;0;0;0;0;
 ;19;EMPRESA DE ONIBUS ROSA LTDA;PORTO DA VITORIA;19/09/2025;47;SAO JOSE VIA CARRO QUEBRADO;050;2;13;0;30,242;2;11;0;0;2;0;0;1;5,15;6;0;2;10,3;0;0;0;0;0;0;
 ;19;EMPRESA DE ONIBUS ROSA LTDA;PORTO DA VITORIA;19/09/2025;48;CANDEAL / PRAÇA DO TROPEIRO;051;0;0;0;42,857;0;0;0;0;0;0;0;0;0;0;0;0;0;0;0;0;0;0;0;
 ;19;EMPRESA DE ONIBUS ROSA LTDA;PORTO DA VITORIA;19/09/2025;48;CANDEAL / PRAÇA DO TROPEIRO;051;1;288;0;175,002;55;302,5;0;0;66;31;77,5;84;432,6;0;0;52;267,8;0;0;0;0;0;0;
 ;19;EMPRESA DE ONIBUS ROSA LTDA;PORTO DA VITORIA;19/09/2025;48;CANDEAL / PRAÇA DO TROPEIRO;051;2;164;0;92,268;36;198;0;0;41;12;30;39;200,85;15;0;8;41,2;9;0;0;0;4;0;
 ;19;EMPRESA DE ONIBUS ROSA LTDA;PORTO DA VITORIA;19/09/2025;49;CANDEIA GROSSA / JACU - VIA ALECRIM;052;0;0;0;44,532;0;0;0;0;0;0;0;0;0;0;0;0;0;0;0;0;0;0;0;
 ;19;EMPRESA DE ONIBUS ROSA LTDA;PORTO DA VITORIA;19/09/2025;49;CANDEIA GROSSA / JACU - VIA ALECRIM;052;1;287;0;95,167;56;308;0;0;37;9;22,5;135;695,25;2;0;48;247,2;0;0;0;0;0;0;
 ;19;EMPRESA DE ONIBUS ROSA LTDA;PORTO DA VITORIA;19/09/2025;49;CANDEIA GROSSA / JACU - VIA ALECRIM;052;2;24;0;49,281;0;0;0;0;5;2;5;8;41,2;5;0;3;15,45;1;0;0;0;0;0;
 ;19;EMPRESA DE ONIBUS ROSA LTDA;PORTO DA VITORIA;19/09/2025;51;KM 13 / TERMINAL CENTRAL;054;0;0;0;41,721;0;0;0;0;0;0;0;0;0;0;0;0;0;0;0;0;0;0;0;
 ;19;EMPRESA DE ONIBUS ROSA LTDA;PORTO DA VITORIA;19/09/2025;51;KM 13 / TERMINAL CENTRAL;054;1;127;0;99,308;21;115,5;0;0;15;7;17,5;63;324,45;1;0;20;103;0;0;0;0;0;0;
 ;19;EMPRESA DE ONIBUS ROSA LTDA;PORTO DA VITORIA;19/09/2025;51;KM 13 / TERMINAL CENTRAL;054;2;23;0;25,804;6;33;0;0;4;6;15;2;10,3;0;0;3;15,45;2;0;0;0;0;0;
 ;19;EMPRESA DE ONIBUS ROSA LTDA;PORTO DA VITORIA;19/09/2025;52;MATINHA / PRACA DO TROPEIRO;055;0;0;0;21,863;0;0;0;0;0;0;0;0;0;0;0;0;0;0;0;0;0;0;0;
 ;19;EMPRESA DE ONIBUS ROSA LTDA;PORTO DA VITORIA;19/09/2025;52;MATINHA / PRACA DO TROPEIRO;055;1;456;0;181,27;47;258,5;0;0;59;45;112,5;245;1261,75;1;0;58;298,7;1;0;0;0;0;0;
 ;19;EMPRESA DE ONIBUS ROSA LTDA;PORTO DA VITORIA;19/09/2025;52;MATINHA / PRACA DO TROPEIRO;055;2;122;0;72,406;7;38,5;0;0;28;8;20;33;169,95;24;0;12;61,8;9;0;0;0;1;0;
 ;19;EMPRESA DE ONIBUS ROSA LTDA;PORTO DA VITORIA;19/09/2025;53;SAO JOSE - VIA SOBRADINHO / TERMINAL CENTRAL;056;0;0;0;13,981;0;0;0;0;0;0;0;0;0;0;0;0;0;0;0;0;0;0;0;
 ;19;EMPRESA DE ONIBUS ROSA LTDA;PORTO DA VITORIA;19/09/2025;53;SAO JOSE - VIA SOBRADINHO / TERMINAL CENTRAL;056;1;151;0;65,589;25;137,5;0;0;37;7;17,5;51;262,65;0;0;31;159,65;0;0;0;0;0;0;
 ;19;EMPRESA DE ONIBUS ROSA LTDA;PORTO DA VITORIA;19/09/2025;53;SAO JOSE - VIA SOBRADINHO / TERMINAL CENTRAL;056;2;26;0;14,871;5;27,5;0;0;2;13;32,5;4;20,6;1;0;1;5,15;0;0;0;0;0;0;
 ;19;EMPRESA DE ONIBUS ROSA LTDA;PORTO DA VITORIA;19/09/2025;59;CAMPO DO GADO / TERMINAL CENTRAL - VIA CARAIBAS;063;0;0;0;119,495;0;0;0;0;0;0;0;0;0;0;0;0;0;0;0;0;0;0;0;
 ;19;EMPRESA DE ONIBUS ROSA LTDA;PORTO DA VITORIA;19/09/2025;59;CAMPO DO GADO / TERMINAL CENTRAL - VIA CARAIBAS;063;1;1375;0;349,175;168;924;0;0;303;192;480;556;2863,4;4;0;150;772,5;1;0;0;0;1;0;
 ;19;EMPRESA DE ONIBUS ROSA LTDA;PORTO DA VITORIA;19/09/2025;59;CAMPO DO GADO / TERMINAL CENTRAL - VIA CARAIBAS;063;2;468;0;356,503;57;313,5;0;0;125;89;222,5;112;576,8;44;0;24;123,6;9;0;0;0;8;0;
 ;19;EMPRESA DE ONIBUS ROSA LTDA;PORTO DA VITORIA;19/09/2025;60;CAMPO LIMPO / TERMINAL CENTRAL- VIA BARAUNAS;064;0;0;0;1,742;0;0;0;0;0;0;0;0;0;0;0;0;0;0;0;0;0;0;0;
 ;19;EMPRESA DE ONIBUS ROSA LTDA;PORTO DA VITORIA;19/09/2025;60;CAMPO LIMPO / TERMINAL CENTRAL- VIA BARAUNAS;064;1;175;0;102,263;32;176;0;0;45;18;45;65;334,75;0;0;15;77,25;0;0;0;0;0;0;
 ;19;EMPRESA DE ONIBUS ROSA LTDA;PORTO DA VITORIA;19/09/2025;60;CAMPO LIMPO / TERMINAL CENTRAL- VIA BARAUNAS;064;2;33;0;88,249;3;16,5;0;0;11;2;5;6;30,9;8;0;1;5,15;2;0;0;0;0;0;
 ;19;EMPRESA DE ONIBUS ROSA LTDA;PORTO DA VITORIA;19/09/2025;62;CONCEICAO I / PQ BRASIL - VIA GETULIO VARGAS;066;0;0;0;40,506;0;0;0;0;0;0;0;0;0;0;0;0;0;0;0;0;0;0;0;
 ;19;EMPRESA DE ONIBUS ROSA LTDA;PORTO DA VITORIA;19/09/2025;62;CONCEICAO I / PQ BRASIL - VIA GETULIO VARGAS;066;1;75;0;11,106;5;27,5;0;0;12;20;50;29;149,35;0;0;9;46,35;0;0;0;0;0;0;
 ;19;EMPRESA DE ONIBUS ROSA LTDA;PORTO DA VITORIA;19/09/2025;62;CONCEICAO I / PQ BRASIL - VIA GETULIO VARGAS;066;2;20;0;8,14;3;16,5;0;0;1;3;7,5;9;46,35;2;0;2;10,3;0;0;0;0;0;0;
 ;19;EMPRESA DE ONIBUS ROSA LTDA;PORTO DA VITORIA;19/09/2025;63;CONCEICAO I / SANTA BARBARA - VIA GETULIO VARGAS;067;0;0;0;13,762;0;0;0;0;0;0;0;0;0;0;0;0;0;0;0;0;0;0;0;
 ;19;EMPRESA DE ONIBUS ROSA LTDA;PORTO DA VITORIA;19/09/2025;63;CONCEICAO I / SANTA BARBARA - VIA GETULIO VARGAS;067;1;35;0;9,866;4;22;0;0;17;1;2,5;10;51,5;0;0;3;15,45;0;0;0;0;0;0;
 ;19;EMPRESA DE ONIBUS ROSA LTDA;PORTO DA VITORIA;19/09/2025;63;CONCEICAO I / SANTA BARBARA - VIA GETULIO VARGAS;067;2;15;0;7,971;0;0;0;0;1;3;7,5;0;0;10;0;1;5,15;0;0;0;0;0;0;
 ;19;EMPRESA DE ONIBUS ROSA LTDA;PORTO DA VITORIA;19/09/2025;64;CONCEICAO II / CASEB - VIA GETULIO VARGAS;068;0;0;0;22,625;0;0;0;0;0;0;0;0;0;0;0;0;0;0;0;0;0;0;0;
 ;19;EMPRESA DE ONIBUS ROSA LTDA;PORTO DA VITORIA;19/09/2025;64;CONCEICAO II / CASEB - VIA GETULIO VARGAS;068;1;259;0;87,465;30;165;0;0;58;25;62,5;124;638,6;0;0;22;113,3;0;0;0;0;0;0;
 ;19;EMPRESA DE ONIBUS ROSA LTDA;PORTO DA VITORIA;19/09/2025;64;CONCEICAO II / CASEB - VIA GETULIO VARGAS;068;2;195;0;70,893;25;137,5;0;0;63;14;35;48;247,2;24;0;8;41,2;8;0;0;0;5;0;
 ;19;EMPRESA DE ONIBUS ROSA LTDA;PORTO DA VITORIA;19/09/2025;66;GEORGE AMERICO / TERMINAL CENTRAL;071;0;0;0;44,427;0;0;0;0;0;0;0;0;0;0;0;0;0;0;0;0;0;0;0;
 ;19;EMPRESA DE ONIBUS ROSA LTDA;PORTO DA VITORIA;19/09/2025;66;GEORGE AMERICO / TERMINAL CENTRAL;071;1;1005;0;206,908;84;462;0;0;249;153;382,5;428;2204,2;5;0;86;442,9;0;0;0;0;0;0;
 ;19;EMPRESA DE ONIBUS ROSA LTDA;PORTO DA VITORIA;19/09/2025;66;GEORGE AMERICO / TERMINAL CENTRAL;071;2;346;0;194,995;27;148,5;0;0;69;124;310;81;417,15;8;0;32;164,8;2;0;0;0;3;0;
 ;19;EMPRESA DE ONIBUS ROSA LTDA;PORTO DA VITORIA;19/09/2025;67;JOAO PAULO ESTRADA DO FRANCES PQ IPE ROXO;072;0;0;0;25,063;0;0;0;0;0;0;0;0;0;0;0;0;0;0;0;0;0;0;0;
 ;19;EMPRESA DE ONIBUS ROSA LTDA;PORTO DA VITORIA;19/09/2025;67;JOAO PAULO ESTRADA DO FRANCES PQ IPE ROXO;072;1;640;0;268,664;66;363;0;0;108;64;160;299;1539,85;3;0;98;504,7;0;0;0;0;2;0;
 ;19;EMPRESA DE ONIBUS ROSA LTDA;PORTO DA VITORIA;19/09/2025;67;JOAO PAULO ESTRADA DO FRANCES PQ IPE ROXO;072;2;435;0;171,101;47;258,5;0;0;88;50;125;115;592,25;69;0;37;190,55;21;0;0;0;8;0;
 ;19;EMPRESA DE ONIBUS ROSA LTDA;PORTO DA VITORIA;19/09/2025;68;GABRIELA II / TERMINAL CENTRAL;073;0;0;0;9,898;0;0;0;0;0;0;0;0;0;0;0;0;0;0;0;0;0;0;0;
 ;19;EMPRESA DE ONIBUS ROSA LTDA;PORTO DA VITORIA;19/09/2025;68;GABRIELA II / TERMINAL CENTRAL;073;1;274;0;74,135;39;214,5;0;0;62;24;60;117;602,55;1;0;31;159,65;0;0;0;0;0;0;
 ;19;EMPRESA DE ONIBUS ROSA LTDA;PORTO DA VITORIA;19/09/2025;68;GABRIELA II / TERMINAL CENTRAL;073;2;53;0;53,13;2;11;0;0;9;7;17,5;12;61,8;17;0;2;10,3;3;0;0;0;1;0;
 ;19;EMPRESA DE ONIBUS ROSA LTDA;PORTO DA VITORIA;19/09/2025;70;JARDIM CRUZEIRO / TERMINAL CENTRAL;075;0;0;0;20,963;0;0;0;0;0;0;0;0;0;0;0;0;0;0;0;0;0;0;0;
 ;19;EMPRESA DE ONIBUS ROSA LTDA;PORTO DA VITORIA;19/09/2025;70;JARDIM CRUZEIRO / TERMINAL CENTRAL;075;1;333;0;102,213;40;220;0;0;113;23;57,5;134;690,1;2;0;21;108,15;0;0;0;0;0;0;
 ;19;EMPRESA DE ONIBUS ROSA LTDA;PORTO DA VITORIA;19/09/2025;70;JARDIM CRUZEIRO / TERMINAL CENTRAL;075;2;48;0;37,743;2;11;0;0;22;1;2,5;10;51,5;9;0;1;5,15;2;0;0;0;1;0;
 ;19;EMPRESA DE ONIBUS ROSA LTDA;PORTO DA VITORIA;19/09/2025;71;LOT. MODELO / AV. FRAGA MAIA /  AV. MARIA QUITERIA;076;0;0;0;7,139;0;0;0;0;0;0;0;0;0;0;0;0;0;0;0;0;0;0;0;
 ;19;EMPRESA DE ONIBUS ROSA LTDA;PORTO DA VITORIA;19/09/2025;71;LOT. MODELO / AV. FRAGA MAIA /  AV. MARIA QUITERIA;076;1;199;0;87,809;33;181,5;0;0;58;11;27,5;75;386,25;2;0;20;103;0;0;0;0;0;0;
 ;19;EMPRESA DE ONIBUS ROSA LTDA;PORTO DA VITORIA;19/09/2025;71;LOT. MODELO / AV. FRAGA MAIA /  AV. MARIA QUITERIA;076;2;48;0;39,861;5;27,5;0;0;20;4;10;10;51,5;8;0;0;0;1;0;0;0;0;0;
 ;19;EMPRESA DE ONIBUS ROSA LTDA;PORTO DA VITORIA;19/09/2025;72;MANGABEIRA / AGROVILA / LARANJEIRAS - VIA J DURVAL;077;0;0;0;9,95;0;0;0;0;0;0;0;0;0;0;0;0;0;0;0;0;0;0;0;
 ;19;EMPRESA DE ONIBUS ROSA LTDA;PORTO DA VITORIA;19/09/2025;72;MANGABEIRA / AGROVILA / LARANJEIRAS - VIA J DURVAL;077;1;338;0;70,586;31;170,5;0;0;59;71;177,5;128;659,2;2;0;46;236,9;1;0;0;0;0;0;
 ;19;EMPRESA DE ONIBUS ROSA LTDA;PORTO DA VITORIA;19/09/2025;72;MANGABEIRA / AGROVILA / LARANJEIRAS - VIA J DURVAL;077;2;199;0;50,908;21;115,5;0;0;34;37;92,5;42;216,3;43;0;12;61,8;6;0;0;0;4;0;
 ;19;EMPRESA DE ONIBUS ROSA LTDA;PORTO DA VITORIA;19/09/2025;73;ALTO DO PAPAGAIO - VIA JOÃO DURVAL T. CENTRAL;078;0;0;0;54,524;0;0;0;0;0;0;0;0;0;0;0;0;0;0;0;0;0;0;0;
 ;19;EMPRESA DE ONIBUS ROSA LTDA;PORTO DA VITORIA;19/09/2025;73;ALTO DO PAPAGAIO - VIA JOÃO DURVAL T. CENTRAL;078;1;186;0;49,64;26;143;0;0;40;27;67,5;74;381,1;0;0;18;92,7;0;0;0;0;1;0;
 ;19;EMPRESA DE ONIBUS ROSA LTDA;PORTO DA VITORIA;19/09/2025;73;ALTO DO PAPAGAIO - VIA JOÃO DURVAL T. CENTRAL;078;2;118;0;45,154;9;49,5;0;0;17;18;45;43;221,45;22;0;4;20,6;4;0;0;0;1;0;
 ;19;EMPRESA DE ONIBUS ROSA LTDA;PORTO DA VITORIA;19/09/2025;74;QUEIMADINHA / TERMINAL CENTRAL;079;1;134;0;54,657;15;82,5;0;0;45;9;22,5;58;298,7;0;0;7;36,05;0;0;0;0;0;0;
 ;19;EMPRESA DE ONIBUS ROSA LTDA;PORTO DA VITORIA;19/09/2025;74;QUEIMADINHA / TERMINAL CENTRAL;079;2;64;0;57,803;4;22;0;0;18;2;5;16;82,4;16;0;3;15,45;3;0;0;0;2;0;
 ;19;EMPRESA DE ONIBUS ROSA LTDA;PORTO DA VITORIA;19/09/2025;76;MORADA DAS ARVORES / TERMINAL CENTRAL;081;0;0;0;28,414;0;0;0;0;0;0;0;0;0;0;0;0;0;0;0;0;0;0;0;
 ;19;EMPRESA DE ONIBUS ROSA LTDA;PORTO DA VITORIA;19/09/2025;76;MORADA DAS ARVORES / TERMINAL CENTRAL;081;1;83;0;40,078;6;33;0;0;10;15;37,5;33;169,95;1;0;18;92,7;0;0;0;0;0;0;
 ;19;EMPRESA DE ONIBUS ROSA LTDA;PORTO DA VITORIA;19/09/2025;76;MORADA DAS ARVORES / TERMINAL CENTRAL;081;2;1;0;30,47;1;5,5;0;0;0;0;0;0;0;0;0;0;0;0;0;0;0;0;0;
 ;19;EMPRESA DE ONIBUS ROSA LTDA;PORTO DA VITORIA;19/09/2025;77;NOVO HORIZONTE / TERMINAL CENTRAL - VIA CP. LIMPO;082;1;295;0;109,289;28;154;0;0;49;35;87,5;168;865,2;0;0;15;77,25;0;0;0;0;0;0;
 ;19;EMPRESA DE ONIBUS ROSA LTDA;PORTO DA VITORIA;19/09/2025;77;NOVO HORIZONTE / TERMINAL CENTRAL - VIA CP. LIMPO;082;2;35;0;92,908;6;33;0;0;9;6;15;7;36,05;5;0;1;5,15;0;0;0;0;1;0;
 ;19;EMPRESA DE ONIBUS ROSA LTDA;PORTO DA VITORIA;19/09/2025;78;PEDRA FERRADA / TERMINAL CENTRAL - VIA BRACO FORTE;083;0;0;0;14,381;0;0;0;0;0;0;0;0;0;0;0;0;0;0;0;0;0;0;0;
 ;19;EMPRESA DE ONIBUS ROSA LTDA;PORTO DA VITORIA;19/09/2025;78;PEDRA FERRADA / TERMINAL CENTRAL - VIA BRACO FORTE;083;1;381;0;99,921;60;330;0;0;107;56;140;129;664,35;1;0;28;144,2;0;0;0;0;0;0;
 ;19;EMPRESA DE ONIBUS ROSA LTDA;PORTO DA VITORIA;19/09/2025;78;PEDRA FERRADA / TERMINAL CENTRAL - VIA BRACO FORTE;083;2;211;0;134,328;17;93,5;0;0;51;39;97,5;74;381,1;11;0;15;77,25;2;0;0;0;2;0;
 ;19;EMPRESA DE ONIBUS ROSA LTDA;PORTO DA VITORIA;19/09/2025;79;PEDRA FERRADA / TERMINAL CENTRAL - VIA CALDEIRAO;084;0;0;0;19,284;0;0;0;0;0;0;0;0;0;0;0;0;0;0;0;0;0;0;0;
 ;19;EMPRESA DE ONIBUS ROSA LTDA;PORTO DA VITORIA;19/09/2025;79;PEDRA FERRADA / TERMINAL CENTRAL - VIA CALDEIRAO;084;1;336;0;140,474;68;374;0;0;72;39;97,5;114;587,1;0;0;43;221,45;0;0;0;0;0;0;
 ;19;EMPRESA DE ONIBUS ROSA LTDA;PORTO DA VITORIA;19/09/2025;79;PEDRA FERRADA / TERMINAL CENTRAL - VIA CALDEIRAO;084;2;159;0;135,308;18;99;0;0;31;43;107,5;29;149,35;11;0;18;92,7;4;0;0;0;5;0;
 ;19;EMPRESA DE ONIBUS ROSA LTDA;PORTO DA VITORIA;19/09/2025;82;TERMINAL NORTE / TERMINAL CENTRAL VIA M QUITERIA;087;0;0;0;34,778;0;0;0;0;0;0;0;0;0;0;0;0;0;0;0;0;0;0;0;
 ;19;EMPRESA DE ONIBUS ROSA LTDA;PORTO DA VITORIA;19/09/2025;82;TERMINAL NORTE / TERMINAL CENTRAL VIA M QUITERIA;087;1;784;0;172,173;75;412,5;0;0;129;295;737,5;231;1189,65;2;0;52;267,8;0;0;0;0;0;0;
 ;19;EMPRESA DE ONIBUS ROSA LTDA;PORTO DA VITORIA;19/09/2025;82;TERMINAL NORTE / TERMINAL CENTRAL VIA M QUITERIA;087;2;499;0;193,856;38;209;0;0;91;166;415;74;381,1;52;0;17;87,55;11;0;0;0;50;0;
 ;19;EMPRESA DE ONIBUS ROSA LTDA;PORTO DA VITORIA;19/09/2025;83;UEFS - VIA SOBRADINHO;088;0;0;0;13,361;0;0;0;0;0;0;0;0;0;0;0;0;0;0;0;0;0;0;0;
 ;19;EMPRESA DE ONIBUS ROSA LTDA;PORTO DA VITORIA;19/09/2025;83;UEFS - VIA SOBRADINHO;088;1;296;0;104,83;20;110;0;0;44;140;350;70;360,5;1;0;19;97,85;2;0;0;0;0;0;
 ;19;EMPRESA DE ONIBUS ROSA LTDA;PORTO DA VITORIA;19/09/2025;83;UEFS - VIA SOBRADINHO;088;2;162;0;134,393;7;38,5;0;0;17;76;190;22;113,3;11;0;4;20,6;3;0;0;0;22;0;
 ;19;EMPRESA DE ONIBUS ROSA LTDA;PORTO DA VITORIA;19/09/2025;239;CORREDOR ZEREZIN/TAPERA VIA TERMINAL AYRTON SENNA;097;0;0;0;21,354;0;0;0;0;0;0;0;0;0;0;0;0;0;0;0;0;0;0;0;
 ;19;EMPRESA DE ONIBUS ROSA LTDA;PORTO DA VITORIA;19/09/2025;239;CORREDOR ZEREZIN/TAPERA VIA TERMINAL AYRTON SENNA;097;1;125;0;95,699;20;110;0;0;30;14;35;49;252,35;0;0;11;56,65;0;0;0;0;1;0;
 ;19;EMPRESA DE ONIBUS ROSA LTDA;PORTO DA VITORIA;19/09/2025;239;CORREDOR ZEREZIN/TAPERA VIA TERMINAL AYRTON SENNA;097;2;71;0;52,723;9;49,5;0;0;16;1;2,5;25;128,75;12;0;5;25,75;3;0;0;0;0;0;
 ;19;EMPRESA DE ONIBUS ROSA LTDA;PORTO DA VITORIA;19/09/2025;85;MANTIBA / PARQUE IPE / TERMINAL NORTE;098;0;0;0;24,793;0;0;0;0;0;0;0;0;0;0;0;0;0;0;0;0;0;0;0;
 ;19;EMPRESA DE ONIBUS ROSA LTDA;PORTO DA VITORIA;19/09/2025;85;MANTIBA / PARQUE IPE / TERMINAL NORTE;098;1;37;0;44,369;5;27,5;0;0;6;5;12,5;13;66,95;0;0;8;41,2;0;0;0;0;0;0;
 ;19;EMPRESA DE ONIBUS ROSA LTDA;PORTO DA VITORIA;19/09/2025;85;MANTIBA / PARQUE IPE / TERMINAL NORTE;098;2;26;0;47,629;2;11;0;0;3;2;5;11;56,65;7;0;0;0;1;0;0;0;0;0;
 ;19;EMPRESA DE ONIBUS ROSA LTDA;PORTO DA VITORIA;19/09/2025;236;CANDEAL II VIA MATINHA;099;0;0;0;17,718;0;0;0;0;0;0;0;0;0;0;0;0;0;0;0;0;0;0;0;
 ;19;EMPRESA DE ONIBUS ROSA LTDA;PORTO DA VITORIA;19/09/2025;236;CANDEAL II VIA MATINHA;099;1;109;0;51,046;13;71,5;0;0;13;9;22,5;52;267,8;0;0;22;113,3;0;0;0;0;0;0;
 ;19;EMPRESA DE ONIBUS ROSA LTDA;PORTO DA VITORIA;19/09/2025;236;CANDEAL II VIA MATINHA;099;2;18;0;18,979;1;5,5;0;0;3;0;0;3;15,45;6;0;0;0;4;0;0;0;1;0;
 ;19;EMPRESA DE ONIBUS ROSA LTDA;PORTO DA VITORIA;19/09/2025;221;FEIRA VI / MARIA QUITÉRIA VIA PONTO DA ZIG;104;0;0;0;40,336;0;0;0;0;0;0;0;0;0;0;0;0;0;0;0;0;0;0;0;
 ;19;EMPRESA DE ONIBUS ROSA LTDA;PORTO DA VITORIA;19/09/2025;221;FEIRA VI / MARIA QUITÉRIA VIA PONTO DA ZIG;104;1;139;0;89,075;14;77;0;0;48;23;57,5;45;231,75;1;0;8;41,2;0;0;0;0;0;0;
 ;19;EMPRESA DE ONIBUS ROSA LTDA;PORTO DA VITORIA;19/09/2025;221;FEIRA VI / MARIA QUITÉRIA VIA PONTO DA ZIG;104;2;24;0;32,511;2;11;0;0;7;5;12,5;2;10,3;2;0;1;5,15;3;0;0;0;2;0;
 ;19;EMPRESA DE ONIBUS ROSA LTDA;PORTO DA VITORIA;19/09/2025;90;ROCINHA / AV. GETULIO VARGAS / TERMINAL CENTRAL;106;1;315;0;84,097;23;126,5;0;0;95;53;132,5;121;623,15;3;0;19;97,85;0;0;0;0;1;0;
 ;19;EMPRESA DE ONIBUS ROSA LTDA;PORTO DA VITORIA;19/09/2025;90;ROCINHA / AV. GETULIO VARGAS / TERMINAL CENTRAL;106;2;109;0;51,814;8;44;0;0;35;10;25;24;123,6;17;0;8;41,2;3;0;0;0;4;0;
 ;19;EMPRESA DE ONIBUS ROSA LTDA;PORTO DA VITORIA;19/09/2025;135;CONDER / JARDIM EUROPA / AV. MARIA QUITERIA;108A;0;0;0;60,401;0;0;0;0;0;0;0;0;0;0;0;0;0;0;0;0;0;0;0;
 ;19;EMPRESA DE ONIBUS ROSA LTDA;PORTO DA VITORIA;19/09/2025;135;CONDER / JARDIM EUROPA / AV. MARIA QUITERIA;108A;1;431;0;125,636;50;275;0;0;70;92;230;172;885,8;0;0;47;242,05;0;0;0;0;0;0;
 ;19;EMPRESA DE ONIBUS ROSA LTDA;PORTO DA VITORIA;19/09/2025;135;CONDER / JARDIM EUROPA / AV. MARIA QUITERIA;108A;2;166;0;97,577;18;99;0;0;30;25;62,5;44;226,6;39;0;4;20,6;2;0;0;0;4;0;
 ;19;EMPRESA DE ONIBUS ROSA LTDA;PORTO DA VITORIA;19/09/2025;109;GEORGE AMERICO / NORDESTINO;109;0;0;0;21,216;0;0;0;0;0;0;0;0;0;0;0;0;0;0;0;0;0;0;0;
 ;19;EMPRESA DE ONIBUS ROSA LTDA;PORTO DA VITORIA;19/09/2025;109;GEORGE AMERICO / NORDESTINO;109;1;225;0;60,185;15;82,5;0;0;72;16;40;100;515;0;0;22;113,3;0;0;0;0;0;0;
 ;19;EMPRESA DE ONIBUS ROSA LTDA;PORTO DA VITORIA;19/09/2025;109;GEORGE AMERICO / NORDESTINO;109;2;234;0;85,093;20;110;0;0;69;11;27,5;68;350,2;38;0;14;72,1;11;0;0;0;3;0;
 ;19;EMPRESA DE ONIBUS ROSA LTDA;PORTO DA VITORIA;19/09/2025;94;CONDER/ AV IGUATEMI / T.NORTE;111;0;0;0;31,451;0;0;0;0;0;0;0;0;0;0;0;0;0;0;0;0;0;0;0;
 ;19;EMPRESA DE ONIBUS ROSA LTDA;PORTO DA VITORIA;19/09/2025;94;CONDER/ AV IGUATEMI / T.NORTE;111;1;161;0;112,259;20;110;0;0;25;53;132,5;44;226,6;1;0;18;92,7;0;0;0;0;0;0;
 ;19;EMPRESA DE ONIBUS ROSA LTDA;PORTO DA VITORIA;19/09/2025;94;CONDER/ AV IGUATEMI / T.NORTE;111;2;94;0;102,632;8;44;0;0;22;25;62,5;22;113,3;11;0;2;10,3;1;0;0;0;3;0;
 ;19;EMPRESA DE ONIBUS ROSA LTDA;PORTO DA VITORIA;19/09/2025;212;CONJUNTO JOSE RONALDO/PRAÇA DO NORDESTINO;112;0;0;0;7,364;0;0;0;0;0;0;0;0;0;0;0;0;0;0;0;0;0;0;0;
 ;19;EMPRESA DE ONIBUS ROSA LTDA;PORTO DA VITORIA;19/09/2025;212;CONJUNTO JOSE RONALDO/PRAÇA DO NORDESTINO;112;1;291;0;107,654;22;121;0;0;83;37;92,5;112;576,8;1;0;36;185,4;0;0;0;0;0;0;
 ;19;EMPRESA DE ONIBUS ROSA LTDA;PORTO DA VITORIA;19/09/2025;212;CONJUNTO JOSE RONALDO/PRAÇA DO NORDESTINO;112;2;248;0;79,576;13;71,5;0;0;53;19;47,5;94;484,1;39;0;16;82,4;8;0;0;0;6;0;
 ;19;EMPRESA DE ONIBUS ROSA LTDA;PORTO DA VITORIA;19/09/2025;95;SOLAR DA PRINCESA / GABRIELA;114;0;0;0;30,138;0;0;0;0;0;0;0;0;0;0;0;0;0;0;0;0;0;0;0;
 ;19;EMPRESA DE ONIBUS ROSA LTDA;PORTO DA VITORIA;19/09/2025;95;SOLAR DA PRINCESA / GABRIELA;114;1;322;0;33,828;24;132;0;0;43;56;140;165;849,75;0;0;34;175,1;0;0;0;0;0;0;
 ;19;EMPRESA DE ONIBUS ROSA LTDA;PORTO DA VITORIA;19/09/2025;95;SOLAR DA PRINCESA / GABRIELA;114;2;11;0;29,141;0;0;0;0;3;1;2,5;2;10,3;5;0;0;0;0;0;0;0;0;0;
 ;19;EMPRESA DE ONIBUS ROSA LTDA;PORTO DA VITORIA;19/09/2025;96;COND. ASA BRANCA VIA SITIO NOVO;115;0;0;0;37,769;0;0;0;0;0;0;0;0;0;0;0;0;0;0;0;0;0;0;0;
 ;19;EMPRESA DE ONIBUS ROSA LTDA;PORTO DA VITORIA;19/09/2025;96;COND. ASA BRANCA VIA SITIO NOVO;115;1;638;0;135,326;76;418;0;0;134;106;265;259;1333,85;2;0;61;314,15;0;0;0;0;0;0;
 ;19;EMPRESA DE ONIBUS ROSA LTDA;PORTO DA VITORIA;19/09/2025;96;COND. ASA BRANCA VIA SITIO NOVO;115;2;124;0;120,793;14;77;0;0;18;19;47,5;42;216,3;19;0;5;25,75;5;0;0;0;2;0;
 ;19;EMPRESA DE ONIBUS ROSA LTDA;PORTO DA VITORIA;19/09/2025;139;COND. ASA BRANCA VIA PAMPALONA;115A;0;0;0;30,327;0;0;0;0;0;0;0;0;0;0;0;0;0;0;0;0;0;0;0;
 ;19;EMPRESA DE ONIBUS ROSA LTDA;PORTO DA VITORIA;19/09/2025;139;COND. ASA BRANCA VIA PAMPALONA;115A;1;1161;0;232,456;181;995,5;0;0;289;129;322,5;458;2358,7;3;0;99;509,85;0;0;0;0;2;0;
 ;19;EMPRESA DE ONIBUS ROSA LTDA;PORTO DA VITORIA;19/09/2025;139;COND. ASA BRANCA VIA PAMPALONA;115A;2;292;0;234,222;25;137,5;0;0;70;78;195;65;334,75;35;0;8;41,2;8;0;0;0;3;0;
 ;19;EMPRESA DE ONIBUS ROSA LTDA;PORTO DA VITORIA;19/09/2025;349;COND. ASA BRANCA / SITIO NOVO / PAMPALONA;115B;0;0;0;27,561;0;0;0;0;0;0;0;0;0;0;0;0;0;0;0;0;0;0;0;
 ;19;EMPRESA DE ONIBUS ROSA LTDA;PORTO DA VITORIA;19/09/2025;349;COND. ASA BRANCA / SITIO NOVO / PAMPALONA;115B;1;3;0;26,721;0;0;0;0;1;0;0;1;5,15;0;0;1;5,15;0;0;0;0;0;0;
 ;19;EMPRESA DE ONIBUS ROSA LTDA;PORTO DA VITORIA;19/09/2025;349;COND. ASA BRANCA / SITIO NOVO / PAMPALONA;115B;2;15;0;45,163;3;16,5;0;0;3;2;5;6;30,9;0;0;1;5,15;0;0;0;0;0;0;
 ;19;EMPRESA DE ONIBUS ROSA LTDA;PORTO DA VITORIA;19/09/2025;365;ASA BRANCA / BRACO FORTE / CETEP;115C;0;0;0;14,764;0;0;0;0;0;0;0;0;0;0;0;0;0;0;0;0;0;0;0;
 ;19;EMPRESA DE ONIBUS ROSA LTDA;PORTO DA VITORIA;19/09/2025;365;ASA BRANCA / BRACO FORTE / CETEP;115C;1;291;0;40,397;35;192,5;0;0;20;68;170;137;705,55;0;0;31;159,65;0;0;0;0;0;0;
 ;19;EMPRESA DE ONIBUS ROSA LTDA;PORTO DA VITORIA;19/09/2025;365;ASA BRANCA / BRACO FORTE / CETEP;115C;2;45;0;14,954;6;33;0;0;10;19;47,5;7;36,05;3;0;0;0;0;0;0;0;0;0;
 ;19;EMPRESA DE ONIBUS ROSA LTDA;PORTO DA VITORIA;19/09/2025;98;JOAO PAULO II / ALTO DO PAPAGAIO / TERMINAL NORTE;119;0;0;0;12,143;0;0;0;0;0;0;0;0;0;0;0;0;0;0;0;0;0;0;0;
 ;19;EMPRESA DE ONIBUS ROSA LTDA;PORTO DA VITORIA;19/09/2025;98;JOAO PAULO II / ALTO DO PAPAGAIO / TERMINAL NORTE;119;1;41;0;30,387;0;0;0;0;9;10;25;20;103;0;0;2;10,3;0;0;0;0;0;0;
 ;19;EMPRESA DE ONIBUS ROSA LTDA;PORTO DA VITORIA;19/09/2025;98;JOAO PAULO II / ALTO DO PAPAGAIO / TERMINAL NORTE;119;2;25;0;32,183;1;5,5;0;0;2;2;5;6;30,9;7;0;3;15,45;3;0;0;0;1;0;
 ;19;EMPRESA DE ONIBUS ROSA LTDA;PORTO DA VITORIA;19/09/2025;102;SAO JOSE / FAZ. MORRO / TERMINAL CENTRAL;123;0;0;0;6,12;0;0;0;0;0;0;0;0;0;0;0;0;0;0;0;0;0;0;0;
 ;19;EMPRESA DE ONIBUS ROSA LTDA;PORTO DA VITORIA;19/09/2025;102;SAO JOSE / FAZ. MORRO / TERMINAL CENTRAL;123;1;79;0;26,564;11;60,5;0;0;5;4;10;41;211,15;0;0;18;92,7;0;0;0;0;0;0;
 ;19;EMPRESA DE ONIBUS ROSA LTDA;PORTO DA VITORIA;19/09/2025;102;SAO JOSE / FAZ. MORRO / TERMINAL CENTRAL;123;2;20;0;48,766;4;22;0;0;13;0;0;2;10,3;1;0;0;0;0;0;0;0;0;0;
 ;19;EMPRESA DE ONIBUS ROSA LTDA;PORTO DA VITORIA;19/09/2025;142;FAZ. MORRO VIA OVO DA EMA / UEFS;123A;0;0;0;13,553;0;0;0;0;0;0;0;0;0;0;0;0;0;0;0;0;0;0;0;
 ;19;EMPRESA DE ONIBUS ROSA LTDA;PORTO DA VITORIA;19/09/2025;142;FAZ. MORRO VIA OVO DA EMA / UEFS;123A;1;184;0;128,962;40;220;0;0;52;45;112,5;37;190,55;1;0;9;46,35;0;0;0;0;0;0;
 ;19;EMPRESA DE ONIBUS ROSA LTDA;PORTO DA VITORIA;19/09/2025;142;FAZ. MORRO VIA OVO DA EMA / UEFS;123A;2;111;0;114,754;28;154;0;0;23;5;12,5;29;149,35;10;0;5;25,75;4;0;0;0;7;0;
 ;19;EMPRESA DE ONIBUS ROSA LTDA;PORTO DA VITORIA;19/09/2025;350;SÃO JOSÉ /TERMINAL NORTE;123B;0;0;0;10,17;0;0;0;0;0;0;0;0;0;0;0;0;0;0;0;0;0;0;0;
 ;19;EMPRESA DE ONIBUS ROSA LTDA;PORTO DA VITORIA;19/09/2025;350;SÃO JOSÉ /TERMINAL NORTE;123B;1;3;0;23,908;0;0;0;0;3;0;0;0;0;0;0;0;0;0;0;0;0;0;0;
 ;19;EMPRESA DE ONIBUS ROSA LTDA;PORTO DA VITORIA;19/09/2025;350;SÃO JOSÉ /TERMINAL NORTE;123B;2;14;0;44,915;1;5,5;0;0;0;4;10;5;25,75;1;0;2;10,3;1;0;0;0;0;0;
 ;19;EMPRESA DE ONIBUS ROSA LTDA;PORTO DA VITORIA;19/09/2025;103;SANTA QUITERIA / ADELBA / NORDESTINO;124;1;156;0;107,199;21;115,5;0;0;43;21;52,5;55;283,25;0;0;16;82,4;0;0;0;0;0;0;
 ;19;EMPRESA DE ONIBUS ROSA LTDA;PORTO DA VITORIA;19/09/2025;103;SANTA QUITERIA / ADELBA / NORDESTINO;124;2;152;0;94,954;16;88;0;0;38;16;40;32;164,8;24;0;9;46,35;8;0;0;0;9;0;
 ;19;EMPRESA DE ONIBUS ROSA LTDA;PORTO DA VITORIA;19/09/2025;143;SANTA QUITERIA VIA ADELBA / T. CENTRAL;124A;0;0;0;1,117;0;0;0;0;0;0;0;0;0;0;0;0;0;0;0;0;0;0;0;
 ;19;EMPRESA DE ONIBUS ROSA LTDA;PORTO DA VITORIA;19/09/2025;143;SANTA QUITERIA VIA ADELBA / T. CENTRAL;124A;1;26;0;17,172;0;0;0;0;0;12;30;13;66,95;0;0;1;5,15;0;0;0;0;0;0;
 ;19;EMPRESA DE ONIBUS ROSA LTDA;PORTO DA VITORIA;19/09/2025;143;SANTA QUITERIA VIA ADELBA / T. CENTRAL;124A;2;7;0;20,859;1;5,5;0;0;0;1;2,5;4;20,6;0;0;1;5,15;0;0;0;0;0;0;
 ;19;EMPRESA DE ONIBUS ROSA LTDA;PORTO DA VITORIA;19/09/2025;351;SANTA QUITERIA VIA ADELBA / SALGADA;124B;0;0;0;29,474;0;0;0;0;0;0;0;0;0;0;0;0;0;0;0;0;0;0;0;
 ;19;EMPRESA DE ONIBUS ROSA LTDA;PORTO DA VITORIA;19/09/2025;351;SANTA QUITERIA VIA ADELBA / SALGADA;124B;1;159;0;150,449;24;132;0;0;29;14;35;68;350,2;0;0;24;123,6;0;0;0;0;0;0;
 ;19;EMPRESA DE ONIBUS ROSA LTDA;PORTO DA VITORIA;19/09/2025;351;SANTA QUITERIA VIA ADELBA / SALGADA;124B;2;141;0;74,24;15;82,5;0;0;30;10;25;43;221,45;28;0;8;41,2;4;0;0;0;3;0;
 ;19;EMPRESA DE ONIBUS ROSA LTDA;PORTO DA VITORIA;19/09/2025;304;TIQUARUÇU VIA TERMINAL CENTRAL;127;0;0;0;20,093;0;0;0;0;0;0;0;0;0;0;0;0;0;0;0;0;0;0;0;
 ;19;EMPRESA DE ONIBUS ROSA LTDA;PORTO DA VITORIA;19/09/2025;304;TIQUARUÇU VIA TERMINAL CENTRAL;127;1;185;0;97,964;31;170,5;0;0;21;11;27,5;92;473,8;1;0;28;144,2;1;0;0;0;0;0;
 ;19;EMPRESA DE ONIBUS ROSA LTDA;PORTO DA VITORIA;19/09/2025;304;TIQUARUÇU VIA TERMINAL CENTRAL;127;2;13;0;38,022;3;16,5;0;0;4;0;0;3;15,45;0;0;1;5,15;2;0;0;0;0;0;
 ;19;EMPRESA DE ONIBUS ROSA LTDA;PORTO DA VITORIA;19/09/2025;352;TIQUARUÇU / SOCORRO VIA BOA VISTA / VIA UEFS;127A;1;117;0;132,299;24;132;0;0;24;16;40;42;216,3;0;0;11;56,65;0;0;0;0;0;0;
 ;19;EMPRESA DE ONIBUS ROSA LTDA;PORTO DA VITORIA;19/09/2025;352;TIQUARUÇU / SOCORRO VIA BOA VISTA / VIA UEFS;127A;2;125;0;100,307;46;253;0;0;26;7;17,5;20;103;4;0;13;66,95;2;0;0;0;7;0;
 ;19;EMPRESA DE ONIBUS ROSA LTDA;PORTO DA VITORIA;19/09/2025;249;PANHA MANGABEIRA/TOMBA;20000;1;21;0;74,316;0;0;0;0;21;0;0;0;0;0;0;0;0;0;0;0;0;0;0;
 ;19;EMPRESA DE ONIBUS ROSA LTDA;PORTO DA VITORIA;19/09/2025;253;PANHA SOBRADINHO;21000;1;32;0;63,732;0;0;0;0;32;0;0;0;0;0;0;0;0;0;0;0;0;0;0;
 ;19;EMPRESA DE ONIBUS ROSA LTDA;PORTO DA VITORIA;19/09/2025;254;PANHA TERMINAL CENTRAL;22000;1;6;0;22,718;0;0;0;0;6;0;0;0;0;0;0;0;0;0;0;0;0;0;0;
 ;19;EMPRESA DE ONIBUS ROSA LTDA;PORTO DA VITORIA;19/09/2025;377;LEVA GERAL;23000;1;6;0;14,738;0;0;0;0;6;0;0;0;0;0;0;0;0;0;0;0;0;0;0;
 ;19;EMPRESA DE ONIBUS ROSA LTDA;PORTO DA VITORIA;19/09/2025;377;LEVA GERAL;23000;2;0;0;0;0;0;0;0;0;0;0;0;0;0;0;0;0;0;0;0;0;0;0;
 ;19;EMPRESA DE ONIBUS ROSA LTDA;PORTO DA VITORIA;19/09/2025;280;SÃO JOSÉ - CARRO QUEBRAQDO  / UEFS;50A;0;0;0;13,441;0;0;0;0;0;0;0;0;0;0;0;0;0;0;0;0;0;0;0;
 ;19;EMPRESA DE ONIBUS ROSA LTDA;PORTO DA VITORIA;19/09/2025;280;SÃO JOSÉ - CARRO QUEBRAQDO  / UEFS;50A;1;215;0;158,712;42;231;0;0;51;39;97,5;57;293,55;1;0;25;128,75;0;0;0;0;0;0;
 ;19;EMPRESA DE ONIBUS ROSA LTDA;PORTO DA VITORIA;19/09/2025;280;SÃO JOSÉ - CARRO QUEBRAQDO  / UEFS;50A;2;132;0;75,836;28;154;0;0;38;7;17,5;30;154,5;17;0;6;30,9;4;0;0;0;2;0;
 ;19;EMPRESA DE ONIBUS ROSA LTDA;PORTO DA VITORIA;19/09/2025;219;CANDEIA GROSSA / UEFS;52A;0;0;0;11,467;0;0;0;0;0;0;0;0;0;0;0;0;0;0;0;0;0;0;0;
 ;19;EMPRESA DE ONIBUS ROSA LTDA;PORTO DA VITORIA;19/09/2025;219;CANDEIA GROSSA / UEFS;52A;1;200;0;217,142;40;220;0;0;29;44;110;57;293,55;1;0;26;133,9;3;0;0;0;0;0;
 ;19;EMPRESA DE ONIBUS ROSA LTDA;PORTO DA VITORIA;19/09/2025;219;CANDEIA GROSSA / UEFS;52A;2;277;0;172,788;95;522,5;0;0;37;12;30;77;396,55;26;0;21;108,15;7;0;0;0;2;0;
 ;19;EMPRESA DE ONIBUS ROSA LTDA;PORTO DA VITORIA;19/09/2025;339;KM 13 / UEFS;54A;0;0;0;14,277;0;0;0;0;0;0;0;0;0;0;0;0;0;0;0;0;0;0;0;
 ;19;EMPRESA DE ONIBUS ROSA LTDA;PORTO DA VITORIA;19/09/2025;339;KM 13 / UEFS;54A;1;89;0;103,973;21;115,5;0;0;21;9;22,5;25;128,75;0;0;12;61,8;0;0;0;0;1;0;
 ;19;EMPRESA DE ONIBUS ROSA LTDA;PORTO DA VITORIA;19/09/2025;339;KM 13 / UEFS;54A;2;104;0;78,614;15;82,5;0;0;11;4;10;40;206;20;0;5;25,75;5;0;0;0;4;0;
 ;19;EMPRESA DE ONIBUS ROSA LTDA;PORTO DA VITORIA;19/09/2025;120;MATINHA / UEFS;55A;0;0;0;13,44;0;0;0;0;0;0;0;0;0;0;0;0;0;0;0;0;0;0;0;
 ;19;EMPRESA DE ONIBUS ROSA LTDA;PORTO DA VITORIA;19/09/2025;120;MATINHA / UEFS;55A;1;234;0;182,007;29;159,5;0;0;44;69;172,5;67;345,05;1;0;21;108,15;1;0;0;0;2;0;
 ;19;EMPRESA DE ONIBUS ROSA LTDA;PORTO DA VITORIA;19/09/2025;120;MATINHA / UEFS;55A;2;161;0;87,541;28;154;0;0;31;14;35;42;216,3;28;0;12;61,8;4;0;0;0;2;0;
 ;19;EMPRESA DE ONIBUS ROSA LTDA;PORTO DA VITORIA;19/09/2025;342;MATINHA / CANDEIA GROSSA;55B;1;0;0;22,384;0;0;0;0;0;0;0;0;0;0;0;0;0;0;0;0;0;0;0;
 ;19;EMPRESA DE ONIBUS ROSA LTDA;PORTO DA VITORIA;19/09/2025;342;MATINHA / CANDEIA GROSSA;55B;2;8;0;23,254;3;16,5;0;0;1;2;5;2;10,3;0;0;0;0;0;0;0;0;0;0;
 ;19;EMPRESA DE ONIBUS ROSA LTDA;PORTO DA VITORIA;19/09/2025;122;SÃO JOSÉ / SOBRADINHO / UEFS;56A;0;0;0;1,365;0;0;0;0;0;0;0;0;0;0;0;0;0;0;0;0;0;0;0;
 ;19;EMPRESA DE ONIBUS ROSA LTDA;PORTO DA VITORIA;19/09/2025;122;SÃO JOSÉ / SOBRADINHO / UEFS;56A;1;75;0;36,461;9;49,5;0;0;21;11;27,5;22;113,3;1;0;10;51,5;0;0;0;0;1;0;
 ;19;EMPRESA DE ONIBUS ROSA LTDA;PORTO DA VITORIA;19/09/2025;122;SÃO JOSÉ / SOBRADINHO / UEFS;56A;2;96;0;77,132;29;159,5;0;0;20;11;27,5;19;97,85;7;0;8;41,2;2;0;0;0;0;0;
 ;19;EMPRESA DE ONIBUS ROSA LTDA;PORTO DA VITORIA;19/09/2025;125;CONCEICAO I / PQ. BRASIL - VIA NORDESTINO;66A;0;0;0;22,472;0;0;0;0;0;0;0;0;0;0;0;0;0;0;0;0;0;0;0;
 ;19;EMPRESA DE ONIBUS ROSA LTDA;PORTO DA VITORIA;19/09/2025;125;CONCEICAO I / PQ. BRASIL - VIA NORDESTINO;66A;1;294;0;88,08;29;159,5;0;0;91;31;77,5;112;576,8;2;0;28;144,2;1;0;0;0;0;0;
 ;19;EMPRESA DE ONIBUS ROSA LTDA;PORTO DA VITORIA;19/09/2025;125;CONCEICAO I / PQ. BRASIL - VIA NORDESTINO;66A;2;121;0;77,218;10;55;0;0;25;11;27,5;33;169,95;28;0;9;46,35;3;0;0;0;2;0;
 ;19;EMPRESA DE ONIBUS ROSA LTDA;PORTO DA VITORIA;19/09/2025;278;CONCEICAO I / SANTA BARBARA - VIA NORDESTINO;67A;0;0;0;33,08;0;0;0;0;0;0;0;0;0;0;0;0;0;0;0;0;0;0;0;
 ;19;EMPRESA DE ONIBUS ROSA LTDA;PORTO DA VITORIA;19/09/2025;278;CONCEICAO I / SANTA BARBARA - VIA NORDESTINO;67A;1;341;0;86,888;34;187;0;0;91;41;102,5;147;757,05;1;0;27;139,05;0;0;0;0;0;0;
 ;19;EMPRESA DE ONIBUS ROSA LTDA;PORTO DA VITORIA;19/09/2025;278;CONCEICAO I / SANTA BARBARA - VIA NORDESTINO;67A;2;141;0;78,356;20;110;0;0;48;6;15;27;139,05;29;0;3;15,45;4;0;0;0;4;0;
 ;19;EMPRESA DE ONIBUS ROSA LTDA;PORTO DA VITORIA;19/09/2025;346;SANTA BARBARA / PARQUE BRASIL VIA CASEB;67B;0;0;0;12,9;0;0;0;0;0;0;0;0;0;0;0;0;0;0;0;0;0;0;0;
 ;19;EMPRESA DE ONIBUS ROSA LTDA;PORTO DA VITORIA;19/09/2025;346;SANTA BARBARA / PARQUE BRASIL VIA CASEB;67B;1;5;0;32,036;1;5,5;0;0;0;0;0;4;20,6;0;0;0;0;0;0;0;0;0;0;
 ;19;EMPRESA DE ONIBUS ROSA LTDA;PORTO DA VITORIA;19/09/2025;346;SANTA BARBARA / PARQUE BRASIL VIA CASEB;67B;2;13;0;34,467;1;5,5;0;0;2;1;2,5;9;46,35;0;0;0;0;0;0;0;0;0;0;
 ;19;EMPRESA DE ONIBUS ROSA LTDA;PORTO DA VITORIA;19/09/2025;208; JOÃO PAULO PRACA SANTA QUITERIA;72A;0;0;0;49,753;0;0;0;0;0;0;0;0;0;0;0;0;0;0;0;0;0;0;0;
 ;19;EMPRESA DE ONIBUS ROSA LTDA;PORTO DA VITORIA;19/09/2025;208; JOÃO PAULO PRACA SANTA QUITERIA;72A;1;197;0;71,905;28;154;0;0;20;27;67,5;86;442,9;1;0;34;175,1;1;0;0;0;0;0;
 ;19;EMPRESA DE ONIBUS ROSA LTDA;PORTO DA VITORIA;19/09/2025;208; JOÃO PAULO PRACA SANTA QUITERIA;72A;2;114;0;64,67;10;55;0;0;14;11;27,5;31;159,65;25;0;9;46,35;10;0;0;0;4;0;
 ;19;EMPRESA DE ONIBUS ROSA LTDA;PORTO DA VITORIA;19/09/2025;126;GABRIELA/HOMERO/DIRETO/TERMINAL CENTRAL;74A;0;0;0;13,696;0;0;0;0;0;0;0;0;0;0;0;0;0;0;0;0;0;0;0;
 ;19;EMPRESA DE ONIBUS ROSA LTDA;PORTO DA VITORIA;19/09/2025;126;GABRIELA/HOMERO/DIRETO/TERMINAL CENTRAL;74A;1;247;0;35,119;16;88;0;0;38;43;107,5;110;566,5;0;0;40;206;0;0;0;0;0;0;
 ;19;EMPRESA DE ONIBUS ROSA LTDA;PORTO DA VITORIA;19/09/2025;126;GABRIELA/HOMERO/DIRETO/TERMINAL CENTRAL;74A;2;9;0;21,466;1;5,5;0;0;1;0;0;1;5,15;2;0;0;0;3;0;0;0;1;0;
 ;19;EMPRESA DE ONIBUS ROSA LTDA;PORTO DA VITORIA;19/09/2025;355;SOLAR DA PRINCESA/GABRIELA/HOMERO;74B;0;0;0;56,869;0;0;0;0;0;0;0;0;0;0;0;0;0;0;0;0;0;0;0;
 ;19;EMPRESA DE ONIBUS ROSA LTDA;PORTO DA VITORIA;19/09/2025;355;SOLAR DA PRINCESA/GABRIELA/HOMERO;74B;1;465;0;163,254;60;330;0;0;118;85;212,5;160;824;0;0;41;211,15;0;0;0;0;1;0;
 ;19;EMPRESA DE ONIBUS ROSA LTDA;PORTO DA VITORIA;19/09/2025;355;SOLAR DA PRINCESA/GABRIELA/HOMERO;74B;2;187;0;179,508;16;88;0;0;34;58;145;32;164,8;31;0;5;25,75;6;0;0;0;5;0;
 ;19;EMPRESA DE ONIBUS ROSA LTDA;PORTO DA VITORIA;19/09/2025;127;JARDIM CRUZEIRO / SESI;75A;1;48;0;1,73;0;0;0;0;0;43;107,5;4;20,6;0;0;1;5,15;0;0;0;0;0;0;
 ;19;EMPRESA DE ONIBUS ROSA LTDA;PORTO DA VITORIA;19/09/2025;127;JARDIM CRUZEIRO / SESI;75A;2;0;0;2,732;0;0;0;0;0;0;0;0;0;0;0;0;0;0;0;0;0;0;0;
 ;19;EMPRESA DE ONIBUS ROSA LTDA;PORTO DA VITORIA;19/09/2025;358;JARDIM CRUZEIRO / GABRIELA II;75B;0;0;0;15,32;0;0;0;0;0;0;0;0;0;0;0;0;0;0;0;0;0;0;0;
 ;19;EMPRESA DE ONIBUS ROSA LTDA;PORTO DA VITORIA;19/09/2025;358;JARDIM CRUZEIRO / GABRIELA II;75B;1;76;0;73,416;7;38,5;0;0;20;13;32,5;27;139,05;1;0;8;41,2;0;0;0;0;0;0;
 ;19;EMPRESA DE ONIBUS ROSA LTDA;PORTO DA VITORIA;19/09/2025;358;JARDIM CRUZEIRO / GABRIELA II;75B;2;2;0;13,425;1;5,5;0;0;1;0;0;0;0;0;0;0;0;0;0;0;0;0;0;
 ;19;EMPRESA DE ONIBUS ROSA LTDA;PORTO DA VITORIA;19/09/2025;129;ALTO DO PAPAGAIO - VIA Mª QUITÉRIA T. CENTRAL;78A;0;0;0;6,087;0;0;0;0;0;0;0;0;0;0;0;0;0;0;0;0;0;0;0;
 ;19;EMPRESA DE ONIBUS ROSA LTDA;PORTO DA VITORIA;19/09/2025;129;ALTO DO PAPAGAIO - VIA Mª QUITÉRIA T. CENTRAL;78A;1;295;0;90,444;27;148,5;0;0;77;32;80;119;612,85;2;0;35;180,25;1;0;0;0;2;0;
 ;19;EMPRESA DE ONIBUS ROSA LTDA;PORTO DA VITORIA;19/09/2025;129;ALTO DO PAPAGAIO - VIA Mª QUITÉRIA T. CENTRAL;78A;2;153;0;72,601;24;132;0;0;30;17;42,5;42;216,3;15;0;16;82,4;3;0;0;0;6;0;
 ;19;EMPRESA DE ONIBUS ROSA LTDA;PORTO DA VITORIA;19/09/2025;130;MANGABEIRA /ALTO DO PAPAGAIO/JOÃO DURVAL/ AGROVILA;78B;0;0;0;25,249;0;0;0;0;0;0;0;0;0;0;0;0;0;0;0;0;0;0;0;
 ;19;EMPRESA DE ONIBUS ROSA LTDA;PORTO DA VITORIA;19/09/2025;130;MANGABEIRA /ALTO DO PAPAGAIO/JOÃO DURVAL/ AGROVILA;78B;1;127;0;24,227;17;93,5;0;0;43;3;7,5;46;236,9;0;0;18;92,7;0;0;0;0;0;0;
 ;19;EMPRESA DE ONIBUS ROSA LTDA;PORTO DA VITORIA;19/09/2025;130;MANGABEIRA /ALTO DO PAPAGAIO/JOÃO DURVAL/ AGROVILA;78B;2;40;0;53,038;7;38,5;0;0;12;2;5;6;30,9;3;0;5;25,75;3;0;0;0;2;0;
 ;19;EMPRESA DE ONIBUS ROSA LTDA;PORTO DA VITORIA;19/09/2025;222;NOVO HORIZONTE / CAMPO LIMPO / MORADA DAS ARVORES;82A;1;3;0;26,218;0;0;0;0;3;0;0;0;0;0;0;0;0;0;0;0;0;0;0;
 ;19;EMPRESA DE ONIBUS ROSA LTDA;PORTO DA VITORIA;19/09/2025;222;NOVO HORIZONTE / CAMPO LIMPO / MORADA DAS ARVORES;82A;2;16;0;54,647;0;0;0;0;15;0;0;0;0;0;0;1;5,15;0;0;0;0;0;0;
 ;19;EMPRESA DE ONIBUS ROSA LTDA;PORTO DA VITORIA;19/09/2025;171;MANTIBA / PARQUE IPE / TAPERA;98A;1;69;0;67,821;7;38,5;0;0;7;14;35;29;149,35;0;0;12;61,8;0;0;0;0;0;0;
 ;19;EMPRESA DE ONIBUS ROSA LTDA;PORTO DA VITORIA;19/09/2025;171;MANTIBA / PARQUE IPE / TAPERA;98A;2;116;0;85,947;12;66;0;0;33;26;65;25;128,75;10;0;6;30,9;3;0;0;0;1;0;
 ;19;EMPRESA DE ONIBUS ROSA LTDA;PORTO DA VITORIA;19/09/2025;348;CANDEAL II VIA MATINHA / UEFS;99A;1;133;0;149,661;22;121;0;0;24;34;85;38;195,7;0;0;15;77,25;0;0;0;0;0;0;
 ;19;EMPRESA DE ONIBUS ROSA LTDA;PORTO DA VITORIA;19/09/2025;348;CANDEAL II VIA MATINHA / UEFS;99A;2;189;0;114,899;26;143;0;0;41;17;42,5;48;247,2;20;0;25;128,75;9;0;0;0;3;0;
 ;19;EMPRESA DE ONIBUS ROSA LTDA;PORTO DA VITORIA;19/09/2025;242;MANUTENCAO;999;0;0;0;8,369;0;0;0;0;0;0;0;0;0;0;0;0;0;0;0;0;0;0;0;
 ;19;EMPRESA DE ONIBUS ROSA LTDA;PORTO DA VITORIA;19/09/2025;242;MANUTENCAO;999;1;0;0;0;0;0;0;0;0;0;0;0;0;0;0;0;0;0;0;0;0;0;0;
 ;20;AUTO ONIBUS SAO JOAO LTDA;AV. SUDENE;19/09/2025;5;TOMBA (CIS) / TERMINAL CENTRAL;001;0;0;0;34,049;0;0;0;0;0;0;0;0;0;0;0;0;0;0;0;0;0;0;0;
 ;20;AUTO ONIBUS SAO JOAO LTDA;AV. SUDENE;19/09/2025;5;TOMBA (CIS) / TERMINAL CENTRAL;001;1;1013;0;214,88;82;451;0;0;228;118;295;451;2322,65;26;0;101;520,15;3;0;0;0;4;0;
 ;20;AUTO ONIBUS SAO JOAO LTDA;AV. SUDENE;19/09/2025;5;TOMBA (CIS) / TERMINAL CENTRAL;001;2;322;0;208,103;29;159,5;0;0;101;16;40;78;401,7;56;0;15;77,25;14;0;0;0;13;0;
 ;20;AUTO ONIBUS SAO JOAO LTDA;AV. SUDENE;19/09/2025;6;CIDADE NOVA / CIS / AV. JOAO DURVAL / BOULEVARD;002;0;0;0;26,433;0;0;0;0;0;0;0;0;0;0;0;0;0;0;0;0;0;0;0;
 ;20;AUTO ONIBUS SAO JOAO LTDA;AV. SUDENE;19/09/2025;6;CIDADE NOVA / CIS / AV. JOAO DURVAL / BOULEVARD;002;1;531;0;208,455;39;214,5;0;0;108;65;162,5;197;1014,55;43;0;47;242,05;10;0;0;0;22;0;
 ;20;AUTO ONIBUS SAO JOAO LTDA;AV. SUDENE;19/09/2025;6;CIDADE NOVA / CIS / AV. JOAO DURVAL / BOULEVARD;002;2;610;0;207,347;39;214,5;0;0;113;90;225;202;1040,3;82;0;51;262,65;19;0;0;0;14;0;
 ;20;AUTO ONIBUS SAO JOAO LTDA;AV. SUDENE;19/09/2025;203;CIS / TERMINAL CENTRAL VIA FEIRA X;005;0;0;0;2,055;0;0;0;0;0;0;0;0;0;0;0;0;0;0;0;0;0;0;0;
 ;20;AUTO ONIBUS SAO JOAO LTDA;AV. SUDENE;19/09/2025;203;CIS / TERMINAL CENTRAL VIA FEIRA X;005;1;428;0;147,269;41;225,5;0;0;120;48;120;157;808,55;23;0;35;180,25;3;0;0;0;1;0;
 ;20;AUTO ONIBUS SAO JOAO LTDA;AV. SUDENE;19/09/2025;203;CIS / TERMINAL CENTRAL VIA FEIRA X;005;2;65;0;129,931;4;22;0;0;19;6;15;24;123,6;3;0;9;46,35;0;0;0;0;0;0;
 ;20;AUTO ONIBUS SAO JOAO LTDA;AV. SUDENE;19/09/2025;10;JARDIM BRASIL VIA TERMINAL NOIDE/TERMINAL CENTRAL;007;0;0;0;77,312;0;0;0;0;0;0;0;0;0;0;0;0;0;0;0;0;0;0;0;
 ;20;AUTO ONIBUS SAO JOAO LTDA;AV. SUDENE;19/09/2025;10;JARDIM BRASIL VIA TERMINAL NOIDE/TERMINAL CENTRAL;007;1;1190;0;236,468;143;786,5;0;0;139;156;390;543;2796,45;6;0;198;1019,7;5;0;0;0;0;0;
 ;20;AUTO ONIBUS SAO JOAO LTDA;AV. SUDENE;19/09/2025;10;JARDIM BRASIL VIA TERMINAL NOIDE/TERMINAL CENTRAL;007;2;659;0;228,52;62;341;0;0;94;75;187,5;168;865,2;146;0;33;169,95;53;0;0;0;28;0;
 ;20;AUTO ONIBUS SAO JOAO LTDA;AV. SUDENE;19/09/2025;11;FRATERNIDADE-CIS/ TERMINAL CENTRAL VIA RODOVIÁRIA;008;0;0;0;23,366;0;0;0;0;0;0;0;0;0;0;0;0;0;0;0;0;0;0;0;
 ;20;AUTO ONIBUS SAO JOAO LTDA;AV. SUDENE;19/09/2025;11;FRATERNIDADE-CIS/ TERMINAL CENTRAL VIA RODOVIÁRIA;008;1;848;0;161,656;62;341;0;0;245;89;222,5;325;1673,75;30;0;81;417,15;8;0;0;0;8;0;
 ;20;AUTO ONIBUS SAO JOAO LTDA;AV. SUDENE;19/09/2025;11;FRATERNIDADE-CIS/ TERMINAL CENTRAL VIA RODOVIÁRIA;008;2;343;0;155,627;15;82,5;0;0;111;31;77,5;84;432,6;57;0;22;113,3;13;0;0;0;10;0;
 ;20;AUTO ONIBUS SAO JOAO LTDA;AV. SUDENE;19/09/2025;12;POLO INDUSTRIAL / TERMINAL CENTRAL;009;0;0;0;30,998;0;0;0;0;0;0;0;0;0;0;0;0;0;0;0;0;0;0;0;
 ;20;AUTO ONIBUS SAO JOAO LTDA;AV. SUDENE;19/09/2025;12;POLO INDUSTRIAL / TERMINAL CENTRAL;009;1;786;0;406,317;68;374;0;0;93;82;205;444;2286,6;5;0;91;468,65;2;0;0;0;1;0;
 ;20;AUTO ONIBUS SAO JOAO LTDA;AV. SUDENE;19/09/2025;12;POLO INDUSTRIAL / TERMINAL CENTRAL;009;2;550;0;395,931;27;148,5;0;0;38;50;125;280;1442;99;0;32;164,8;17;0;0;0;7;0;
 ;20;AUTO ONIBUS SAO JOAO LTDA;AV. SUDENE;19/09/2025;15;HUMILDES VIA LIMOEIRO;012;0;0;0;43,482;0;0;0;0;0;0;0;0;0;0;0;0;0;0;0;0;0;0;0;
 ;20;AUTO ONIBUS SAO JOAO LTDA;AV. SUDENE;19/09/2025;15;HUMILDES VIA LIMOEIRO;012;1;482;0;327,163;62;341;0;0;77;46;115;248;1277,2;0;0;49;252,35;0;0;0;0;0;0;
 ;20;AUTO ONIBUS SAO JOAO LTDA;AV. SUDENE;19/09/2025;15;HUMILDES VIA LIMOEIRO;012;2;309;0;207,363;51;280,5;0;0;62;23;57,5;90;463,5;64;0;5;25,75;4;0;0;0;10;0;
 ;20;AUTO ONIBUS SAO JOAO LTDA;AV. SUDENE;19/09/2025;16;KM 14 - IPUAÇU;013;0;0;0;32,787;0;0;0;0;0;0;0;0;0;0;0;0;0;0;0;0;0;0;0;
 ;20;AUTO ONIBUS SAO JOAO LTDA;AV. SUDENE;19/09/2025;16;KM 14 - IPUAÇU;013;1;82;0;57,544;21;115,5;0;0;7;6;15;39;200,85;0;0;9;46,35;0;0;0;0;0;0;
 ;20;AUTO ONIBUS SAO JOAO LTDA;AV. SUDENE;19/09/2025;16;KM 14 - IPUAÇU;013;2;39;0;59,094;8;44;0;0;2;4;10;12;61,8;7;0;4;20,6;1;0;0;0;1;0;
 ;20;AUTO ONIBUS SAO JOAO LTDA;AV. SUDENE;19/09/2025;17;TERRA DURA;014;0;0;0;11,837;0;0;0;0;0;0;0;0;0;0;0;0;0;0;0;0;0;0;0;
 ;20;AUTO ONIBUS SAO JOAO LTDA;AV. SUDENE;19/09/2025;17;TERRA DURA;014;1;225;0;99,794;25;137,5;0;0;55;37;92,5;80;412;7;0;19;97,85;1;0;0;0;1;0;
 ;20;AUTO ONIBUS SAO JOAO LTDA;AV. SUDENE;19/09/2025;17;TERRA DURA;014;2;122;0;109,506;19;104,5;0;0;33;5;12,5;23;118,45;16;0;10;51,5;12;0;0;0;4;0;
 ;20;AUTO ONIBUS SAO JOAO LTDA;AV. SUDENE;19/09/2025;18;35 BI - JOMAFA / ADENIL FALCAO;015;0;0;0;9,975;0;0;0;0;0;0;0;0;0;0;0;0;0;0;0;0;0;0;0;
 ;20;AUTO ONIBUS SAO JOAO LTDA;AV. SUDENE;19/09/2025;18;35 BI - JOMAFA / ADENIL FALCAO;015;1;539;0;140,241;54;297;0;0;100;78;195;237;1220,55;1;0;69;355,35;0;0;0;0;0;0;
 ;20;AUTO ONIBUS SAO JOAO LTDA;AV. SUDENE;19/09/2025;18;35 BI - JOMAFA / ADENIL FALCAO;015;2;167;0;65,967;10;55;0;0;26;5;12,5;74;381,1;27;0;9;46,35;9;0;0;0;7;0;
 ;20;AUTO ONIBUS SAO JOAO LTDA;AV. SUDENE;19/09/2025;20;FEIRA IX;017;0;0;0;37,345;0;0;0;0;0;0;0;0;0;0;0;0;0;0;0;0;0;0;0;
 ;20;AUTO ONIBUS SAO JOAO LTDA;AV. SUDENE;19/09/2025;20;FEIRA IX;017;1;987;0;104,081;57;313,5;0;0;231;160;400;440;2266;0;0;99;509,85;0;0;0;0;0;0;
 ;20;AUTO ONIBUS SAO JOAO LTDA;AV. SUDENE;19/09/2025;20;FEIRA IX;017;2;424;0;186,176;26;143;0;0;139;36;90;82;422,3;74;0;18;92,7;31;0;0;0;18;0;
 ;20;AUTO ONIBUS SAO JOAO LTDA;AV. SUDENE;19/09/2025;21;AVIARIO - VIA 35 BI;018;0;0;0;39,715;0;0;0;0;0;0;0;0;0;0;0;0;0;0;0;0;0;0;0;
 ;20;AUTO ONIBUS SAO JOAO LTDA;AV. SUDENE;19/09/2025;21;AVIARIO - VIA 35 BI;018;1;1485;1;320,178;200;1100;0;0;261;269;672,5;624;3213,6;6;0;124;638,6;0;0;0;0;0;0;
 ;20;AUTO ONIBUS SAO JOAO LTDA;AV. SUDENE;19/09/2025;21;AVIARIO - VIA 35 BI;018;2;539;0;328,941;86;473;0;0;94;109;272,5;150;772,5;53;0;23;118,45;12;0;0;0;12;0;
 ;20;AUTO ONIBUS SAO JOAO LTDA;AV. SUDENE;19/09/2025;22;FEIRA X;019;0;0;0;40,919;0;0;0;0;0;0;0;0;0;0;0;0;0;0;0;0;0;0;0;
 ;20;AUTO ONIBUS SAO JOAO LTDA;AV. SUDENE;19/09/2025;22;FEIRA X;019;1;1775;0;292,63;193;1061,5;0;0;507;214;535;680;3502;7;0;174;896,1;0;0;0;0;0;0;
 ;20;AUTO ONIBUS SAO JOAO LTDA;AV. SUDENE;19/09/2025;22;FEIRA X;019;2;218;0;218,859;11;60,5;0;0;70;38;95;68;350,2;9;0;13;66,95;6;0;0;0;3;0;
 ;20;AUTO ONIBUS SAO JOAO LTDA;AV. SUDENE;19/09/2025;23;FEIRA VII / OYAMA - VIA JOÃO DURVAL;020;0;0;0;36,781;0;0;0;0;0;0;0;0;0;0;0;0;0;0;0;0;0;0;0;
 ;20;AUTO ONIBUS SAO JOAO LTDA;AV. SUDENE;19/09/2025;23;FEIRA VII / OYAMA - VIA JOÃO DURVAL;020;1;1623;0;310,738;161;885,5;0;0;370;234;585;641;3301,15;8;0;201;1035,15;2;0;0;0;6;0;
 ;20;AUTO ONIBUS SAO JOAO LTDA;AV. SUDENE;19/09/2025;23;FEIRA VII / OYAMA - VIA JOÃO DURVAL;020;2;695;0;295,879;61;335,5;0;0;201;74;185;167;860,05;107;0;42;216,3;25;0;0;0;18;0;
 ;20;AUTO ONIBUS SAO JOAO LTDA;AV. SUDENE;19/09/2025;115;RESERVA DO PARQUE/MARECHAL VIA PARQUE DA CIDADE ;021;0;0;0;17,198;0;0;0;0;0;0;0;0;0;0;0;0;0;0;0;0;0;0;0;
 ;20;AUTO ONIBUS SAO JOAO LTDA;AV. SUDENE;19/09/2025;115;RESERVA DO PARQUE/MARECHAL VIA PARQUE DA CIDADE ;021;1;289;0;115,101;9;49,5;0;0;79;27;67,5;141;726,15;8;0;25;128,75;0;0;0;0;0;0;
 ;20;AUTO ONIBUS SAO JOAO LTDA;AV. SUDENE;19/09/2025;115;RESERVA DO PARQUE/MARECHAL VIA PARQUE DA CIDADE ;021;2;160;0;123,251;6;33;0;0;46;9;22,5;38;195,7;41;0;5;25,75;12;0;0;0;3;0;
 ;20;AUTO ONIBUS SAO JOAO LTDA;AV. SUDENE;19/09/2025;24;NOVA ESPERANCA - VIA CENTRAL PARK;022;0;0;0;10,838;0;0;0;0;0;0;0;0;0;0;0;0;0;0;0;0;0;0;0;
 ;20;AUTO ONIBUS SAO JOAO LTDA;AV. SUDENE;19/09/2025;24;NOVA ESPERANCA - VIA CENTRAL PARK;022;1;148;0;115,142;7;38,5;0;0;20;17;42,5;85;437,75;0;0;19;97,85;0;0;0;0;0;0;
 ;20;AUTO ONIBUS SAO JOAO LTDA;AV. SUDENE;19/09/2025;24;NOVA ESPERANCA - VIA CENTRAL PARK;022;2;117;0;173,619;9;49,5;0;0;26;11;27,5;43;221,45;16;0;5;25,75;1;0;0;0;6;0;
 ;20;AUTO ONIBUS SAO JOAO LTDA;AV. SUDENE;19/09/2025;25;PARQUE LAGOA - VIA SANTA MONICA;023;0;0;0;30,014;0;0;0;0;0;0;0;0;0;0;0;0;0;0;0;0;0;0;0;
 ;20;AUTO ONIBUS SAO JOAO LTDA;AV. SUDENE;19/09/2025;25;PARQUE LAGOA - VIA SANTA MONICA;023;1;339;0;145,483;48;264;0;0;69;40;100;156;803,4;1;0;25;128,75;0;0;0;0;0;0;
 ;20;AUTO ONIBUS SAO JOAO LTDA;AV. SUDENE;19/09/2025;25;PARQUE LAGOA - VIA SANTA MONICA;023;2;189;0;139,842;28;154;0;0;43;20;50;45;231,75;34;0;9;46,35;5;0;0;0;5;0;
 ;20;AUTO ONIBUS SAO JOAO LTDA;AV. SUDENE;19/09/2025;26;SUBAÉ / 35 BI - VIA JOMAFA;025;0;0;0;9,689;0;0;0;0;0;0;0;0;0;0;0;0;0;0;0;0;0;0;0;
 ;20;AUTO ONIBUS SAO JOAO LTDA;AV. SUDENE;19/09/2025;26;SUBAÉ / 35 BI - VIA JOMAFA;025;1;370;0;145,395;32;176;0;0;61;115;287,5;128;659,2;0;0;34;175,1;0;0;0;0;0;0;
 ;20;AUTO ONIBUS SAO JOAO LTDA;AV. SUDENE;19/09/2025;26;SUBAÉ / 35 BI - VIA JOMAFA;025;2;131;0;115,129;14;77;0;0;42;15;37,5;34;175,1;10;0;4;20,6;5;0;0;0;7;0;
 ;20;AUTO ONIBUS SAO JOAO LTDA;AV. SUDENE;19/09/2025;27;SUBAÉ / SANTA MONICA;026;0;0;0;23,633;0;0;0;0;0;0;0;0;0;0;0;0;0;0;0;0;0;0;0;
 ;20;AUTO ONIBUS SAO JOAO LTDA;AV. SUDENE;19/09/2025;27;SUBAÉ / SANTA MONICA;026;1;452;0;92,298;46;253;0;0;121;62;155;172;885,8;4;0;47;242,05;0;0;0;0;0;0;
 ;20;AUTO ONIBUS SAO JOAO LTDA;AV. SUDENE;19/09/2025;27;SUBAÉ / SANTA MONICA;026;2;207;0;105,263;16;88;0;0;35;34;85;35;180,25;55;0;9;46,35;11;0;0;0;12;0;
 ;20;AUTO ONIBUS SAO JOAO LTDA;AV. SUDENE;19/09/2025;28;VIVEIROS / TERMINAL CENTRAL;027;0;0;0;38,763;0;0;0;0;0;0;0;0;0;0;0;0;0;0;0;0;0;0;0;
 ;20;AUTO ONIBUS SAO JOAO LTDA;AV. SUDENE;19/09/2025;28;VIVEIROS / TERMINAL CENTRAL;027;1;766;0;203,067;53;291,5;0;0;128;71;177,5;440;2266;1;0;72;370,8;1;0;0;0;0;0;
 ;20;AUTO ONIBUS SAO JOAO LTDA;AV. SUDENE;19/09/2025;28;VIVEIROS / TERMINAL CENTRAL;027;2;48;0;147,421;4;22;0;0;7;1;2,5;26;133,9;6;0;4;20,6;0;0;0;0;0;0;
 ;20;AUTO ONIBUS SAO JOAO LTDA;AV. SUDENE;19/09/2025;29;VIVEIROS - VIA FEIRA X / TERMINAL CENTRAL;028;0;0;0;7,544;0;0;0;0;0;0;0;0;0;0;0;0;0;0;0;0;0;0;0;
 ;20;AUTO ONIBUS SAO JOAO LTDA;AV. SUDENE;19/09/2025;29;VIVEIROS - VIA FEIRA X / TERMINAL CENTRAL;028;1;419;0;122,519;32;176;0;0;120;46;115;162;834,3;2;0;57;293,55;0;0;0;0;0;0;
 ;20;AUTO ONIBUS SAO JOAO LTDA;AV. SUDENE;19/09/2025;29;VIVEIROS - VIA FEIRA X / TERMINAL CENTRAL;028;2;46;0;74,107;4;22;0;0;13;8;20;11;56,65;6;0;3;15,45;1;0;0;0;0;0;
 ;20;AUTO ONIBUS SAO JOAO LTDA;AV. SUDENE;19/09/2025;30;PANORAMA VIA PAPA JOÃO XXIII;029;0;0;0;2,603;0;0;0;0;0;0;0;0;0;0;0;0;0;0;0;0;0;0;0;
 ;20;AUTO ONIBUS SAO JOAO LTDA;AV. SUDENE;19/09/2025;30;PANORAMA VIA PAPA JOÃO XXIII;029;1;98;0;22,497;7;38,5;0;0;18;11;27,5;37;190,55;7;0;11;56,65;6;0;0;0;1;0;
 ;20;AUTO ONIBUS SAO JOAO LTDA;AV. SUDENE;19/09/2025;30;PANORAMA VIA PAPA JOÃO XXIII;029;2;19;0;13,316;1;5,5;0;0;4;0;0;8;41,2;4;0;0;0;2;0;0;0;0;0;
 ;20;AUTO ONIBUS SAO JOAO LTDA;AV. SUDENE;19/09/2025;31;JUSSARA / TERMINAL CENTRAL - VIA RODOVIARIA;030;0;0;0;47,821;0;0;0;0;0;0;0;0;0;0;0;0;0;0;0;0;0;0;0;
 ;20;AUTO ONIBUS SAO JOAO LTDA;AV. SUDENE;19/09/2025;31;JUSSARA / TERMINAL CENTRAL - VIA RODOVIARIA;030;1;333;0;65,903;23;126,5;0;0;52;40;100;193;993,95;0;0;25;128,75;0;0;0;0;0;0;
 ;20;AUTO ONIBUS SAO JOAO LTDA;AV. SUDENE;19/09/2025;31;JUSSARA / TERMINAL CENTRAL - VIA RODOVIARIA;030;2;170;0;71,32;6;33;0;0;33;11;27,5;34;175,1;76;0;2;10,3;3;0;0;0;5;0;
 ;20;AUTO ONIBUS SAO JOAO LTDA;AV. SUDENE;19/09/2025;32;TRES RIACHOS / VILA OLIMPIA / TERMINAL CENTRAL;031;0;0;0;27,94;0;0;0;0;0;0;0;0;0;0;0;0;0;0;0;0;0;0;0;
 ;20;AUTO ONIBUS SAO JOAO LTDA;AV. SUDENE;19/09/2025;32;TRES RIACHOS / VILA OLIMPIA / TERMINAL CENTRAL;031;1;635;0;135,203;39;214,5;0;0;88;40;100;397;2044,55;0;0;71;365,65;0;0;0;0;0;0;
 ;20;AUTO ONIBUS SAO JOAO LTDA;AV. SUDENE;19/09/2025;32;TRES RIACHOS / VILA OLIMPIA / TERMINAL CENTRAL;031;2;27;0;87,901;3;16,5;0;0;2;4;10;7;36,05;9;0;2;10,3;0;0;0;0;0;0;
 ;20;AUTO ONIBUS SAO JOAO LTDA;AV. SUDENE;19/09/2025;34;PARQUE LAGOA / SANTA MONICA II / PRACA;033;0;0;0;18,035;0;0;0;0;0;0;0;0;0;0;0;0;0;0;0;0;0;0;0;
 ;20;AUTO ONIBUS SAO JOAO LTDA;AV. SUDENE;19/09/2025;34;PARQUE LAGOA / SANTA MONICA II / PRACA;033;1;419;0;115,24;39;214,5;0;0;86;65;162,5;202;1040,3;1;0;26;133,9;0;0;0;0;0;0;
 ;20;AUTO ONIBUS SAO JOAO LTDA;AV. SUDENE;19/09/2025;34;PARQUE LAGOA / SANTA MONICA II / PRACA;033;2;175;0;92,682;23;126,5;0;0;26;13;32,5;42;216,3;52;0;4;20,6;8;0;0;0;7;0;
 ;20;AUTO ONIBUS SAO JOAO LTDA;AV. SUDENE;19/09/2025;164;MONTE PASCOAL;038;1;106;0;9,104;9;49,5;0;0;19;14;35;52;267,8;0;0;12;61,8;0;0;0;0;0;0;
 ;20;AUTO ONIBUS SAO JOAO LTDA;AV. SUDENE;19/09/2025;164;MONTE PASCOAL;038;2;4;0;7,792;0;0;0;0;0;0;0;1;5,15;0;0;1;5,15;1;0;0;0;1;0;
 ;20;AUTO ONIBUS SAO JOAO LTDA;AV. SUDENE;19/09/2025;36;TANQUINHO VIA TOCA DO PAULO / TERMINAL CENTRAL;039;0;0;0;46,436;0;0;0;0;0;0;0;0;0;0;0;0;0;0;0;0;0;0;0;
 ;20;AUTO ONIBUS SAO JOAO LTDA;AV. SUDENE;19/09/2025;36;TANQUINHO VIA TOCA DO PAULO / TERMINAL CENTRAL;039;1;331;0;122,985;56;308;0;0;48;35;87,5;137;705,55;6;0;46;236,9;1;0;0;0;2;0;
 ;20;AUTO ONIBUS SAO JOAO LTDA;AV. SUDENE;19/09/2025;36;TANQUINHO VIA TOCA DO PAULO / TERMINAL CENTRAL;039;2;175;0;106,229;25;137,5;0;0;22;14;35;36;185,4;46;0;14;72,1;11;0;0;0;7;0;
 ;20;AUTO ONIBUS SAO JOAO LTDA;AV. SUDENE;19/09/2025;37;FAZENDA - VIA NOIDE CERQUEIRA / TERMINAL CENTRAL;040;0;0;0;5,758;0;0;0;0;0;0;0;0;0;0;0;0;0;0;0;0;0;0;0;
 ;20;AUTO ONIBUS SAO JOAO LTDA;AV. SUDENE;19/09/2025;37;FAZENDA - VIA NOIDE CERQUEIRA / TERMINAL CENTRAL;040;1;116;0;37,257;19;104,5;0;0;16;6;15;57;293,55;1;0;16;82,4;1;0;0;0;0;0;
 ;20;AUTO ONIBUS SAO JOAO LTDA;AV. SUDENE;19/09/2025;37;FAZENDA - VIA NOIDE CERQUEIRA / TERMINAL CENTRAL;040;2;69;0;38,946;8;44;0;0;4;2;5;13;66,95;24;0;2;10,3;8;0;0;0;8;0;
 ;20;AUTO ONIBUS SAO JOAO LTDA;AV. SUDENE;19/09/2025;38;COND. RESERVA DO PARQUE VIA FEIRA VII;041;0;0;0;3,82;0;0;0;0;0;0;0;0;0;0;0;0;0;0;0;0;0;0;0;
 ;20;AUTO ONIBUS SAO JOAO LTDA;AV. SUDENE;19/09/2025;38;COND. RESERVA DO PARQUE VIA FEIRA VII;041;1;148;0;95,912;1;5,5;0;0;42;19;47,5;72;370,8;0;0;14;72,1;0;0;0;0;0;0;
 ;20;AUTO ONIBUS SAO JOAO LTDA;AV. SUDENE;19/09/2025;38;COND. RESERVA DO PARQUE VIA FEIRA VII;041;2;201;0;148,785;1;5,5;0;0;46;7;17,5;36;185,4;67;0;6;30,9;15;0;0;0;23;0;
 ;20;AUTO ONIBUS SAO JOAO LTDA;AV. SUDENE;19/09/2025;46;PARQUE VIVER - TOMBA (CIS);049;0;0;0;3,209;0;0;0;0;0;0;0;0;0;0;0;0;0;0;0;0;0;0;0;
 ;20;AUTO ONIBUS SAO JOAO LTDA;AV. SUDENE;19/09/2025;46;PARQUE VIVER - TOMBA (CIS);049;1;117;0;63,815;0;0;0;0;14;14;35;75;386,25;0;0;14;72,1;0;0;0;0;0;0;
 ;20;AUTO ONIBUS SAO JOAO LTDA;AV. SUDENE;19/09/2025;46;PARQUE VIVER - TOMBA (CIS);049;2;190;0;66,686;0;0;0;0;26;1;2,5;16;82,4;94;0;6;30,9;25;0;0;0;22;0;
 ;20;AUTO ONIBUS SAO JOAO LTDA;AV. SUDENE;19/09/2025;50;JAIBA / PC DO TROPEIRO - VIA LAGOA BERRECA / S. RQ;053;0;0;0;37,064;0;0;0;0;0;0;0;0;0;0;0;0;0;0;0;0;0;0;0;
 ;20;AUTO ONIBUS SAO JOAO LTDA;AV. SUDENE;19/09/2025;50;JAIBA / PC DO TROPEIRO - VIA LAGOA BERRECA / S. RQ;053;1;488;0;177,072;85;467,5;0;0;69;70;175;205;1055,75;0;0;59;303,85;0;0;0;0;0;0;
 ;20;AUTO ONIBUS SAO JOAO LTDA;AV. SUDENE;19/09/2025;50;JAIBA / PC DO TROPEIRO - VIA LAGOA BERRECA / S. RQ;053;2;314;0;200,383;46;253;0;0;37;35;87,5;88;453,2;61;0;20;103;15;0;0;0;12;0;
 ;20;AUTO ONIBUS SAO JOAO LTDA;AV. SUDENE;19/09/2025;55;TAPERA II / TERMINAL CENTRAL - VIA SANTO ANTONIO;059;0;0;0;11,813;0;0;0;0;0;0;0;0;0;0;0;0;0;0;0;0;0;0;0;
 ;20;AUTO ONIBUS SAO JOAO LTDA;AV. SUDENE;19/09/2025;55;TAPERA II / TERMINAL CENTRAL - VIA SANTO ANTONIO;059;1;315;0;150,435;45;247,5;0;0;58;35;87,5;133;684,95;1;0;43;221,45;0;0;0;0;0;0;
 ;20;AUTO ONIBUS SAO JOAO LTDA;AV. SUDENE;19/09/2025;55;TAPERA II / TERMINAL CENTRAL - VIA SANTO ANTONIO;059;2;169;0;131,914;30;165;0;0;34;11;27,5;41;211,15;25;0;11;56,65;12;0;0;0;5;0;
 ;20;AUTO ONIBUS SAO JOAO LTDA;AV. SUDENE;19/09/2025;223;JARDIM BRASIL VIA COND. AZALEIAS;07A;0;0;0;16,951;0;0;0;0;0;0;0;0;0;0;0;0;0;0;0;0;0;0;0;
 ;20;AUTO ONIBUS SAO JOAO LTDA;AV. SUDENE;19/09/2025;223;JARDIM BRASIL VIA COND. AZALEIAS;07A;1;942;0;278,565;113;621,5;0;0;157;180;450;368;1895,2;1;0;123;633,45;0;0;0;0;0;0;
 ;20;AUTO ONIBUS SAO JOAO LTDA;AV. SUDENE;19/09/2025;223;JARDIM BRASIL VIA COND. AZALEIAS;07A;2;479;0;295,729;28;154;0;0;59;72;180;147;757,05;91;0;33;169,95;28;0;0;0;21;0;
 ;20;AUTO ONIBUS SAO JOAO LTDA;AV. SUDENE;19/09/2025;80;SANTO ANTONIO DOS PRAZERES / TERMINAL CENTRAL;085;0;0;0;63,565;0;0;0;0;0;0;0;0;0;0;0;0;0;0;0;0;0;0;0;
 ;20;AUTO ONIBUS SAO JOAO LTDA;AV. SUDENE;19/09/2025;80;SANTO ANTONIO DOS PRAZERES / TERMINAL CENTRAL;085;1;1251;0;262,196;197;1083,5;0;0;318;110;275;473;2435,95;2;0;149;767,35;1;0;0;0;1;0;
 ;20;AUTO ONIBUS SAO JOAO LTDA;AV. SUDENE;19/09/2025;80;SANTO ANTONIO DOS PRAZERES / TERMINAL CENTRAL;085;2;536;0;298,15;62;341;0;0;129;36;90;142;731,3;100;0;28;144,2;19;0;0;0;20;0;
 ;20;AUTO ONIBUS SAO JOAO LTDA;AV. SUDENE;19/09/2025;81;SIM -  VIA CORREDOR DOS ARACAS;086;0;0;0;15,485;0;0;0;0;0;0;0;0;0;0;0;0;0;0;0;0;0;0;0;
 ;20;AUTO ONIBUS SAO JOAO LTDA;AV. SUDENE;19/09/2025;81;SIM -  VIA CORREDOR DOS ARACAS;086;1;442;0;146,284;50;275;0;0;88;76;190;174;896,1;5;0;48;247,2;1;0;0;0;0;0;
 ;20;AUTO ONIBUS SAO JOAO LTDA;AV. SUDENE;19/09/2025;81;SIM -  VIA CORREDOR DOS ARACAS;086;2;151;0;117,071;18;99;0;0;28;7;17,5;38;195,7;38;0;8;41,2;5;0;0;0;9;0;
 ;20;AUTO ONIBUS SAO JOAO LTDA;AV. SUDENE;19/09/2025;84;COND. PRINCESA DO SERTAO / TERMINAL CENTRAL;096;0;0;0;10,816;0;0;0;0;0;0;0;0;0;0;0;0;0;0;0;0;0;0;0;
 ;20;AUTO ONIBUS SAO JOAO LTDA;AV. SUDENE;19/09/2025;84;COND. PRINCESA DO SERTAO / TERMINAL CENTRAL;096;1;137;0;26,785;9;49,5;0;0;51;10;25;47;242,05;2;0;18;92,7;0;0;0;0;0;0;
 ;20;AUTO ONIBUS SAO JOAO LTDA;AV. SUDENE;19/09/2025;84;COND. PRINCESA DO SERTAO / TERMINAL CENTRAL;096;2;0;0;11,688;0;0;0;0;0;0;0;0;0;0;0;0;0;0;0;0;0;0;0;
 ;20;AUTO ONIBUS SAO JOAO LTDA;AV. SUDENE;19/09/2025;238;LEVA E PANHA FEIRA VII - SÃO JOÃO;10000;1;0;0;74,321;0;0;0;0;0;0;0;0;0;0;0;0;0;0;0;0;0;0;0;
 ;20;AUTO ONIBUS SAO JOAO LTDA;AV. SUDENE;19/09/2025;87;AEROPORTO / LAGOA DAS PEDRAS / TERMINAL CENTRAL;101;0;0;0;13,558;0;0;0;0;0;0;0;0;0;0;0;0;0;0;0;0;0;0;0;
 ;20;AUTO ONIBUS SAO JOAO LTDA;AV. SUDENE;19/09/2025;87;AEROPORTO / LAGOA DAS PEDRAS / TERMINAL CENTRAL;101;1;283;0;78,738;46;253;0;0;56;21;52,5;126;648,9;0;0;34;175,1;0;0;0;0;0;0;
 ;20;AUTO ONIBUS SAO JOAO LTDA;AV. SUDENE;19/09/2025;87;AEROPORTO / LAGOA DAS PEDRAS / TERMINAL CENTRAL;101;2;130;0;70,791;17;93,5;0;0;27;15;37,5;27;139,05;24;0;6;30,9;9;0;0;0;5;0;
 ;20;AUTO ONIBUS SAO JOAO LTDA;AV. SUDENE;19/09/2025;91;PQ GETULIO VARGAS / TERMINAL CENTRAL;107;0;0;0;12,026;0;0;0;0;0;0;0;0;0;0;0;0;0;0;0;0;0;0;0;
 ;20;AUTO ONIBUS SAO JOAO LTDA;AV. SUDENE;19/09/2025;91;PQ GETULIO VARGAS / TERMINAL CENTRAL;107;1;238;0;83,987;15;82,5;0;0;47;36;90;103;530,45;2;0;35;180,25;0;0;0;0;0;0;
 ;20;AUTO ONIBUS SAO JOAO LTDA;AV. SUDENE;19/09/2025;91;PQ GETULIO VARGAS / TERMINAL CENTRAL;107;2;101;0;59,2;3;16,5;0;0;7;16;40;32;164,8;25;0;6;30,9;8;0;0;0;4;0;
 ;20;AUTO ONIBUS SAO JOAO LTDA;AV. SUDENE;19/09/2025;282;1º PANHA - SÃO JOÃO;11000;1;0;0;38,388;0;0;0;0;0;0;0;0;0;0;0;0;0;0;0;0;0;0;0;
 ;20;AUTO ONIBUS SAO JOAO LTDA;AV. SUDENE;19/09/2025;286;BRT - VIA GETULIO VARGAS;300;0;0;0;12,777;0;0;0;0;0;0;0;0;0;0;0;0;0;0;0;0;0;0;0;
 ;20;AUTO ONIBUS SAO JOAO LTDA;AV. SUDENE;19/09/2025;286;BRT - VIA GETULIO VARGAS;300;1;740;0;121,166;61;335,5;0;0;114;137;342,5;250;1287,5;53;0;92;473,8;22;0;0;0;11;0;
 ;20;AUTO ONIBUS SAO JOAO LTDA;AV. SUDENE;19/09/2025;286;BRT - VIA GETULIO VARGAS;300;2;385;0;113,43;15;82,5;0;0;79;25;62,5;54;278,1;127;0;17;87,55;44;0;0;0;24;0;
 ;20;AUTO ONIBUS SAO JOAO LTDA;AV. SUDENE;19/09/2025;308;ARTÊMIA II - NORTE;302;0;0;0;20,313;0;0;0;0;0;0;0;0;0;0;0;0;0;0;0;0;0;0;0;
 ;20;AUTO ONIBUS SAO JOAO LTDA;AV. SUDENE;19/09/2025;308;ARTÊMIA II - NORTE;302;1;129;0;115,414;6;33;0;0;11;19;47,5;78;401,7;0;0;26;133,9;0;0;0;0;0;0;
 ;20;AUTO ONIBUS SAO JOAO LTDA;AV. SUDENE;19/09/2025;308;ARTÊMIA II - NORTE;302;2;71;0;119,807;2;11;0;0;10;8;20;15;77,25;10;0;9;46,35;7;0;0;0;10;0;
 ;20;AUTO ONIBUS SAO JOAO LTDA;AV. SUDENE;19/09/2025;242;MANUTENCAO;999;0;0;0;31,552;0;0;0;0;0;0;0;0;0;0;0;0;0;0;0;0;0;0;0;
 ;20;AUTO ONIBUS SAO JOAO LTDA;AV. SUDENE;19/09/2025;242;MANUTENCAO;999;1;0;0;0;0;0;0;0;0;0;0;0;0;0;0;0;0;0;0;0;0;0;0;
 ;21;VIAFEIRA SEDE;OSVALDO CRUZ;19/09/2025;105;TERMINAL CENTRAL - CATRACA;1000;1;1198;0;0;335;1842,5;0;0;276;125;312,5;311;1601,65;0;0;151;777,65;0;0;0;0;0;0;